,rate,ampl,duration
FC5_p-pre_1_0,0,0,0
FC5_pre_1_0,0,0,0
FC5_prep_1_0,0,0,0
FC5_mov_1_0,0.6666666666666666,1.848897130136564e-06,120.0
FC5_mov_1_1,0.6666666666666666,1.6339990653613958e-06,108.0
FC5_rel_1_0,0.6666666666666666,3.823249846418193e-06,108.0
FC5_post_1_0,0.6666666666666666,3.1064853774392514e-06,116.0
FC5_post_1_1,0.6666666666666666,2.7546618015920107e-06,104.0
FC5_p-post_1_0,0.7987220447284346,2.3757441237673255e-06,128.0
FC5_p-post_1_1,0.7987220447284346,5.0577531810874794e-06,188.0
FC5_p-pre_2_0,2.5,1.8113232598499854e-06,176.0
FC5_pre_2_0,1.0,2.9693294392895814e-06,144.0
FC5_prep_2_0,0,0,0
FC5_mov_2_0,0.6666666666666666,2.2249545076614892e-06,112.0
FC5_mov_2_1,0.6666666666666666,1.5148553498163998e-06,108.0
FC5_rel_2_0,0,0,0
FC5_post_2_0,0,0,0
FC5_p-post_2_0,0.3993610223642173,1.2824658319394136e-06,160.0
FC5_p-pre_3_0,0,0,0
FC5_pre_3_0,1.0,3.0880248568794424e-06,160.0
FC5_prep_3_0,0,0,0
FC5_mov_3_0,0,0,0
FC5_rel_3_0,0,0,0
FC5_post_3_0,0.3333333333333333,2.3231464931589676e-06,112.0
FC5_p-post_3_0,0,0,0
FC5_p-pre_4_0,0,0,0
FC5_pre_4_0,0,0,0
FC5_prep_4_0,0,0,0
FC5_mov_4_0,0.3333333333333333,1.0978610413449746e-06,108.0
FC5_rel_4_0,0.6666666666666666,1.6173547688453459e-06,108.0
FC5_post_4_0,1.0,4.530409609415923e-06,120.0
FC5_post_4_1,1.0,2.223468731982235e-06,176.0
FC5_post_4_2,1.0,3.236633794812334e-06,116.0
FC5_p-post_4_0,0,0,0
FC5_p-pre_5_0,0,0,0
FC5_pre_5_0,1.0,3.310961713347278e-06,116.0
FC5_prep_5_0,1.6666666666666667,4.576949841461426e-06,112.0
FC5_mov_5_0,0.3333333333333333,1.4647238415281019e-06,120.0
FC5_rel_5_0,0,0,0
FC5_post_5_0,0.6666666666666666,1.7833684421028554e-06,108.0
FC5_post_5_1,0.6666666666666666,2.163538918357805e-06,136.0
FC5_p-post_5_0,0.3993610223642173,3.992510149104981e-06,136.0
FC5_p-pre_6_0,0,0,0
FC5_pre_6_0,1.0,2.5113938861118946e-06,108.0
FC5_prep_6_0,1.6666666666666667,4.312214138569927e-06,152.0
FC5_mov_6_0,0,0,0
FC5_rel_6_0,0.6666666666666666,1.5910529856901132e-06,184.0
FC5_post_6_0,0.3333333333333333,2.5705896685877725e-06,140.0
FC5_p-post_6_0,0,0,0
FC5_p-pre_7_0,0,0,0
FC5_pre_7_0,0,0,0
FC5_prep_7_0,0,0,0
FC5_mov_7_0,0.6666666666666666,2.446908520980489e-06,104.0
FC5_mov_7_1,0.6666666666666666,2.5271821265384676e-06,192.0
FC5_rel_7_0,0,0,0
FC5_post_7_0,0.3333333333333333,2.824860529373971e-06,204.0
FC5_p-post_7_0,0.3993610223642173,4.764407412348746e-06,152.0
FC5_p-pre_8_0,0,0,0
FC5_pre_8_0,1.0,2.4128791840405484e-06,112.0
FC5_prep_8_0,0,0,0
FC5_mov_8_0,0.6666666666666666,1.9478190134473135e-06,180.0
FC5_mov_8_1,0.6666666666666666,1.408632714169126e-06,132.0
FC5_rel_8_0,0.6666666666666666,2.9403832445866957e-06,148.0
FC5_post_8_0,0.3333333333333333,1.8735285549372864e-06,132.0
FC5_p-post_8_0,0.3993610223642173,5.331687804359494e-06,116.0
FC5_p-pre_9_0,0,0,0
FC5_pre_9_0,0,0,0
FC5_prep_9_0,0,0,0
FC5_mov_9_0,0.6666666666666666,3.466521097228589e-06,188.0
FC5_mov_9_1,0.6666666666666666,1.181577436394247e-06,108.0
FC5_rel_9_0,0,0,0
FC5_post_9_0,0.6666666666666666,2.9102100608332985e-06,108.0
FC5_post_9_1,0.6666666666666666,2.4296880369167006e-06,116.0
FC5_p-post_9_0,0,0,0
FC5_p-pre_10_0,0,0,0
FC5_pre_10_0,0,0,0
FC5_prep_10_0,0,0,0
FC5_mov_10_0,0.3333333333333333,3.1114245492122686e-06,184.0
FC5_rel_10_0,0,0,0
FC5_post_10_0,0.3333333333333333,3.55907777473991e-06,132.0
FC5_p-post_10_0,0.7987220447284346,1.8367285059902833e-06,104.0
FC5_p-post_10_1,0.7987220447284346,2.3729003905704247e-06,104.0
FC5_p-pre_11_0,0,0,0
FC5_pre_11_0,1.0,9.564572407262259e-06,180.0
FC5_prep_11_0,0,0,0
FC5_mov_11_0,0,0,0
FC5_rel_11_0,0.6666666666666666,2.2671988549680256e-06,108.0
FC5_post_11_0,0,0,0
FC5_p-post_11_0,0.3993610223642173,2.643694651436107e-06,112.0
FC5_p-pre_12_0,0,0,0
FC5_pre_12_0,1.0,1.5844207706888588e-06,104.0
FC5_prep_12_0,0,0,0
FC5_mov_12_0,0.6666666666666666,3.079427760905404e-06,124.0
FC5_mov_12_1,0.6666666666666666,2.154279533782602e-06,172.0
FC5_rel_12_0,0,0,0
FC5_post_12_0,0,0,0
FC5_p-post_12_0,0,0,0
FC5_p-pre_13_0,0,0,0
FC5_pre_13_0,1.0,4.3850100982360574e-06,120.0
FC5_prep_13_0,3.3333333333333335,4.3850100982360574e-06,144.0
FC5_prep_13_1,3.3333333333333335,2.2635675369990455e-06,104.0
FC5_mov_13_0,0,0,0
FC5_rel_13_0,0.6666666666666666,1.278717486905675e-06,184.0
FC5_post_13_0,0.3333333333333333,1.2933555006670208e-06,120.0
FC5_p-post_13_0,0.7987220447284346,1.6963923762031346e-05,168.0
FC5_p-post_13_1,0.7987220447284346,1.0460421226731831e-05,156.0
FC5_p-pre_14_0,2.5,2.6574883920943584e-06,140.0
FC5_pre_14_0,0,0,0
FC5_prep_14_0,0,0,0
FC5_mov_14_0,0.6666666666666666,1.1012135635754626e-06,184.0
FC5_mov_14_1,0.6666666666666666,1.7550694500590152e-06,104.0
FC5_rel_14_0,0.6666666666666666,2.22776426093637e-06,112.0
FC5_post_14_0,0.3333333333333333,1.940981509730256e-05,228.0
FC5_p-post_14_0,0.7987220447284346,2.107153966010173e-06,104.0
FC5_p-post_14_1,0.7987220447284346,2.4532970371377064e-06,208.0
FC5_p-pre_15_0,0,0,0
FC5_pre_15_0,1.0,1.671004175333515e-06,124.0
FC5_prep_15_0,0,0,0
FC5_mov_15_0,0,0,0
FC5_rel_15_0,0.6666666666666666,2.3531566957291403e-06,188.0
FC5_post_15_0,0.6666666666666666,3.874904732516637e-06,120.0
FC5_post_15_1,0.6666666666666666,4.843121471161703e-06,180.0
FC5_p-post_15_0,0.3993610223642173,2.2390989241589874e-06,244.0
FC5_p-pre_16_0,0,0,0
FC5_pre_16_0,0,0,0
FC5_prep_16_0,0,0,0
FC5_mov_16_0,0.3333333333333333,1.5605365421640825e-06,140.0
FC5_rel_16_0,0,0,0
FC5_post_16_0,0.3333333333333333,2.721066922102409e-06,108.0
FC5_p-post_16_0,0.7987220447284346,2.5398884398782623e-06,136.0
FC5_p-post_16_1,0.7987220447284346,3.5438208268815383e-06,116.0
FC5_p-pre_17_0,0,0,0
FC5_pre_17_0,1.0,1.6163716713853705e-06,148.0
FC5_prep_17_0,0,0,0
FC5_mov_17_0,0.6666666666666666,1.9872099708075613e-05,344.0
FC5_mov_17_1,0.6666666666666666,5.265718047854825e-06,156.0
FC5_rel_17_0,0,0,0
FC5_post_17_0,0.3333333333333333,2.1784105812479523e-06,152.0
FC5_p-post_17_0,0.3993610223642173,1.63011582820411e-06,116.0
FC5_p-pre_18_0,0,0,0
FC5_pre_18_0,0,0,0
FC5_prep_18_0,0,0,0
FC5_mov_18_0,0.6666666666666666,1.8004141094411748e-06,156.0
FC5_mov_18_1,0.6666666666666666,1.4719107955565444e-06,132.0
FC5_rel_18_0,0,0,0
FC5_post_18_0,0,0,0
FC5_p-post_18_0,0.3993610223642173,3.8101536006100846e-05,280.0
FC5_p-pre_19_0,0,0,0
FC5_pre_19_0,1.0,2.2438641800352365e-06,104.0
FC5_prep_19_0,0,0,0
FC5_mov_19_0,0.3333333333333333,1.8264369420328987e-06,184.0
FC5_rel_19_0,0.6666666666666666,4.04175127336716e-06,144.0
FC5_post_19_0,0,0,0
FC5_p-post_19_0,0.3993610223642173,2.0977946730552114e-06,140.0
FC5_p-pre_20_0,0,0,0
FC5_pre_20_0,0,0,0
FC5_prep_20_0,0,0,0
FC5_mov_20_0,0.3333333333333333,7.010674461817218e-07,104.0
FC5_rel_20_0,0.6666666666666666,1.8623358169842674e-06,112.0
FC5_post_20_0,0.6666666666666666,1.8551724070797964e-06,140.0
FC5_post_20_1,0.6666666666666666,3.3092761783222685e-06,160.0
FC5_p-post_20_0,0,0,0
FC5_p-pre_21_0,0,0,0
FC5_pre_21_0,0,0,0
FC5_prep_21_0,1.6666666666666667,4.821651173013619e-06,128.0
FC5_mov_21_0,0.3333333333333333,5.842133644891323e-07,176.0
FC5_rel_21_0,0,0,0
FC5_post_21_0,1.3333333333333333,1.0894713484954905e-05,192.0
FC5_post_21_1,1.3333333333333333,8.259251148989358e-06,132.0
FC5_post_21_2,1.3333333333333333,2.6527997059612298e-05,104.0
FC5_post_21_3,1.3333333333333333,2.5451195411509145e-05,116.0
FC5_p-post_21_0,0.7987220447284346,1.1173340148991608e-05,164.0
FC5_p-post_21_1,0.7987220447284346,4.378700623605221e-05,232.0
FC5_p-pre_22_0,0,0,0
FC5_pre_22_0,1.0,3.489226947982252e-05,152.0
FC5_prep_22_0,0,0,0
FC5_mov_22_0,0.6666666666666666,5.626951825796621e-07,112.0
FC5_mov_22_1,0.6666666666666666,9.218198840964101e-07,172.0
FC5_rel_22_0,0.6666666666666666,8.947908676884865e-07,108.0
FC5_post_22_0,0.3333333333333333,4.385113026170994e-06,152.0
FC5_p-post_22_0,0.3993610223642173,3.069699695485133e-06,112.0
FC5_p-pre_23_0,0,0,0
FC5_pre_23_0,0,0,0
FC5_prep_23_0,0,0,0
FC5_mov_23_0,0.3333333333333333,5.217229327997758e-06,168.0
FC5_rel_23_0,0.6666666666666666,2.5790729823400706e-06,204.0
FC5_post_23_0,0.6666666666666666,2.7245972087209633e-06,120.0
FC5_post_23_1,0.6666666666666666,4.751769888682417e-06,160.0
FC5_p-post_23_0,0.7987220447284346,2.8965958200363322e-06,176.0
FC5_p-post_23_1,0.7987220447284346,3.6873200814266324e-06,180.0
FC5_p-pre_24_0,0,0,0
FC5_pre_24_0,0,0,0
FC5_prep_24_0,1.6666666666666667,3.3973673037171285e-06,180.0
FC5_mov_24_0,0.6666666666666666,2.159505194317121e-06,108.0
FC5_mov_24_1,0.6666666666666666,9.854699380173106e-06,116.0
FC5_rel_24_0,0,0,0
FC5_post_24_0,0.6666666666666666,2.5241623149824372e-05,212.0
FC5_post_24_1,0.6666666666666666,3.7035414127029286e-06,132.0
FC5_p-post_24_0,0.3993610223642173,1.2204541648095659e-06,140.0
FC5_p-pre_25_0,0,0,0
FC5_pre_25_0,1.0,6.324397409949128e-06,208.0
FC5_prep_25_0,0,0,0
FC5_mov_25_0,0.6666666666666666,1.6188656142686726e-06,148.0
FC5_mov_25_1,0.6666666666666666,1.6064227964918255e-06,128.0
FC5_rel_25_0,0.6666666666666666,2.2098691943797684e-05,272.0
FC5_post_25_0,0.6666666666666666,2.2098691943797684e-05,260.0
FC5_post_25_1,0.6666666666666666,1.0930561056493164e-05,368.0
FC5_p-post_25_0,0.3993610223642173,3.094429997662652e-05,448.0
FC5_p-pre_26_0,0,0,0
FC5_pre_26_0,1.0,3.2130106890934134e-06,236.0
FC5_prep_26_0,1.6666666666666667,3.2130106890934134e-06,224.0
FC5_mov_26_0,0.6666666666666666,4.008685755516204e-06,104.0
FC5_mov_26_1,0.6666666666666666,2.5834280394412816e-06,164.0
FC5_rel_26_0,1.3333333333333333,1.712630855003079e-05,128.0
FC5_rel_26_1,1.3333333333333333,6.102866540792163e-06,128.0
FC5_post_26_0,1.3333333333333333,5.915151252291758e-06,112.0
FC5_post_26_1,1.3333333333333333,4.991831799019423e-06,172.0
FC5_post_26_2,1.3333333333333333,6.421937816628695e-06,140.0
FC5_post_26_3,1.3333333333333333,7.623198490226268e-06,168.0
FC5_p-post_26_0,0.3993610223642173,1.0634901238364958e-06,128.0
FC5_p-pre_27_0,0,0,0
FC5_pre_27_0,0,0,0
FC5_prep_27_0,1.6666666666666667,2.1146562042587057e-06,112.0
FC5_mov_27_0,0.6666666666666666,4.248896053980837e-07,104.0
FC5_mov_27_1,0.6666666666666666,1.2280551559502268e-05,164.0
FC5_rel_27_0,0.6666666666666666,8.66817531260594e-06,192.0
FC5_post_27_0,0.6666666666666666,1.2728653904826442e-06,108.0
FC5_post_27_1,0.6666666666666666,2.6371656381714433e-06,160.0
FC5_p-post_27_0,0.7987220447284346,3.259809508239059e-06,116.0
FC5_p-post_27_1,0.7987220447284346,2.323777754727719e-06,128.0
FC1_p-pre_1_0,0,0,0
FC1_pre_1_0,0,0,0
FC1_prep_1_0,0,0,0
FC1_mov_1_0,0,0,0
FC1_rel_1_0,0,0,0
FC1_post_1_0,0,0,0
FC1_p-post_1_0,0,0,0
FC1_p-pre_2_0,0,0,0
FC1_pre_2_0,0,0,0
FC1_prep_2_0,0,0,0
FC1_mov_2_0,0,0,0
FC1_rel_2_0,0.6666666666666666,1.3699176084022396e-06,180.0
FC1_post_2_0,0,0,0
FC1_p-post_2_0,0,0,0
FC1_p-pre_3_0,0,0,0
FC1_pre_3_0,0,0,0
FC1_prep_3_0,0,0,0
FC1_mov_3_0,0.3333333333333333,1.835714132860513e-06,144.0
FC1_rel_3_0,0,0,0
FC1_post_3_0,0.6666666666666666,1.8047877859641578e-06,104.0
FC1_post_3_1,0.6666666666666666,1.4211582194945664e-06,124.0
FC1_p-post_3_0,0.7987220447284346,1.7981217201068742e-06,132.0
FC1_p-post_3_1,0.7987220447284346,1.2706241093624846e-06,128.0
FC1_p-pre_4_0,0,0,0
FC1_pre_4_0,0,0,0
FC1_prep_4_0,0,0,0
FC1_mov_4_0,0,0,0
FC1_rel_4_0,0,0,0
FC1_post_4_0,0.3333333333333333,1.7498806363260245e-06,112.0
FC1_p-post_4_0,0.3993610223642173,1.4612280247738668e-06,108.0
FC1_p-pre_5_0,0,0,0
FC1_pre_5_0,0,0,0
FC1_prep_5_0,1.6666666666666667,1.2483666402339023e-06,124.0
FC1_mov_5_0,0,0,0
FC1_rel_5_0,0,0,0
FC1_post_5_0,0.3333333333333333,7.040364479998764e-07,216.0
FC1_p-post_5_0,0.3993610223642173,2.2887542510326126e-06,104.0
FC1_p-pre_6_0,2.5,9.832742378767126e-07,140.0
FC1_pre_6_0,1.0,1.2972811187909678e-06,152.0
FC1_prep_6_0,0,0,0
FC1_mov_6_0,0.3333333333333333,1.6512022084657704e-06,176.0
FC1_rel_6_0,0.6666666666666666,1.6369815163445519e-07,108.0
FC1_post_6_0,0.3333333333333333,1.1459180332926223e-06,144.0
FC1_p-post_6_0,0,0,0
FC1_p-pre_7_0,0,0,0
FC1_pre_7_0,0,0,0
FC1_prep_7_0,0,0,0
FC1_mov_7_0,0.3333333333333333,1.8707764509723115e-06,104.0
FC1_rel_7_0,0,0,0
FC1_post_7_0,0.3333333333333333,1.5941462955506695e-06,124.0
FC1_p-post_7_0,0,0,0
FC1_p-pre_8_0,0,0,0
FC1_pre_8_0,1.0,2.698895790468985e-06,128.0
FC1_prep_8_0,0,0,0
FC1_mov_8_0,0.3333333333333333,2.188656473953841e-06,172.0
FC1_rel_8_0,0.6666666666666666,1.1513620156971863e-06,116.0
FC1_post_8_0,0.3333333333333333,1.396247360478805e-06,104.0
FC1_p-post_8_0,0,0,0
FC1_p-pre_9_0,0,0,0
FC1_pre_9_0,0,0,0
FC1_prep_9_0,0,0,0
FC1_mov_9_0,1.0,1.4023695667408525e-06,116.0
FC1_mov_9_1,1.0,2.291342907072032e-06,124.0
FC1_mov_9_2,1.0,2.5522555168244994e-06,168.0
FC1_rel_9_0,0.6666666666666666,3.223969658569533e-06,156.0
FC1_post_9_0,0,0,0
FC1_p-post_9_0,0.7987220447284346,2.3676663786598154e-06,116.0
FC1_p-post_9_1,0.7987220447284346,1.4639546252646067e-06,104.0
FC1_p-pre_10_0,2.5,2.5516896539832046e-06,140.0
FC1_pre_10_0,0,0,0
FC1_prep_10_0,0,0,0
FC1_mov_10_0,0.6666666666666666,1.017209816766523e-06,132.0
FC1_mov_10_1,0.6666666666666666,1.2206045296148776e-06,160.0
FC1_rel_10_0,0.6666666666666666,8.011019351762068e-07,116.0
FC1_post_10_0,0,0,0
FC1_p-post_10_0,0.3993610223642173,2.90145100284469e-06,124.0
FC1_p-pre_11_0,0,0,0
FC1_pre_11_0,1.0,1.4650809187163379e-06,112.0
FC1_prep_11_0,0,0,0
FC1_mov_11_0,0.3333333333333333,9.024831583627075e-07,124.0
FC1_rel_11_0,0,0,0
FC1_post_11_0,0,0,0
FC1_p-post_11_0,0.3993610223642173,1.4735670444779066e-06,180.0
FC1_p-pre_12_0,0,0,0
FC1_pre_12_0,0,0,0
FC1_prep_12_0,0,0,0
FC1_mov_12_0,0.3333333333333333,2.406500250046141e-06,120.0
FC1_rel_12_0,0.6666666666666666,9.067426569150578e-07,104.0
FC1_post_12_0,0.3333333333333333,1.8012877896870349e-06,148.0
FC1_p-post_12_0,0.3993610223642173,1.570105573468514e-06,104.0
FC1_p-pre_13_0,0,0,0
FC1_pre_13_0,1.0,2.7345039474248174e-06,176.0
FC1_prep_13_0,1.6666666666666667,1.4155457734629615e-06,200.0
FC1_mov_13_0,1.0,1.1946624981618236e-06,120.0
FC1_mov_13_1,1.0,2.0800533471820516e-06,168.0
FC1_mov_13_2,1.0,2.9651967616689256e-06,172.0
FC1_rel_13_0,0.6666666666666666,9.069554695898063e-07,116.0
FC1_post_13_0,0.3333333333333333,1.929000962810976e-06,148.0
FC1_p-post_13_0,1.1980830670926517,9.339168585713689e-07,188.0
FC1_p-post_13_1,1.1980830670926517,1.5486462696936898e-06,116.0
FC1_p-post_13_2,1.1980830670926517,1.4540781990106544e-06,128.0
FC1_p-pre_14_0,0,0,0
FC1_pre_14_0,1.0,1.3452443671620513e-06,164.0
FC1_prep_14_0,1.6666666666666667,5.751091617553951e-07,104.0
FC1_mov_14_0,0.6666666666666666,5.162221430601656e-07,104.0
FC1_mov_14_1,0.6666666666666666,1.319200793347412e-06,112.0
FC1_rel_14_0,1.3333333333333333,1.319200793347412e-06,124.0
FC1_rel_14_1,1.3333333333333333,7.577867443981455e-07,132.0
FC1_post_14_0,0.3333333333333333,2.6610549037476843e-06,104.0
FC1_p-post_14_0,0.3993610223642173,1.6682051142673682e-06,144.0
FC1_p-pre_15_0,0,0,0
FC1_pre_15_0,1.0,1.3288342885485548e-06,108.0
FC1_prep_15_0,0,0,0
FC1_mov_15_0,0,0,0
FC1_rel_15_0,0.6666666666666666,1.2606976648629045e-06,112.0
FC1_post_15_0,1.0,1.9780104411197633e-06,128.0
FC1_post_15_1,1.0,1.9358410867478174e-06,144.0
FC1_post_15_2,1.0,2.9142013582213577e-06,152.0
FC1_p-post_15_0,0.7987220447284346,1.4218349196434522e-06,116.0
FC1_p-post_15_1,0.7987220447284346,1.1409126433725988e-06,124.0
FC1_p-pre_16_0,0,0,0
FC1_pre_16_0,1.0,1.5585939525164185e-06,128.0
FC1_prep_16_0,0,0,0
FC1_mov_16_0,0.3333333333333333,1.47128448354038e-06,216.0
FC1_rel_16_0,0,0,0
FC1_post_16_0,0.6666666666666666,1.0127501878454353e-06,160.0
FC1_post_16_1,0.6666666666666666,9.788791782077631e-07,112.0
FC1_p-post_16_0,0.3993610223642173,1.1969470653174596e-06,104.0
FC1_p-pre_17_0,0,0,0
FC1_pre_17_0,0,0,0
FC1_prep_17_0,0,0,0
FC1_mov_17_0,0.3333333333333333,6.320943305788488e-07,112.0
FC1_rel_17_0,0,0,0
FC1_post_17_0,0.3333333333333333,1.6153779635140667e-06,120.0
FC1_p-post_17_0,0.3993610223642173,1.5724482592298058e-06,128.0
FC1_p-pre_18_0,0,0,0
FC1_pre_18_0,0,0,0
FC1_prep_18_0,1.6666666666666667,1.6486612707863105e-06,140.0
FC1_mov_18_0,1.0,1.6486612707863105e-06,156.0
FC1_mov_18_1,1.0,9.551504112423494e-07,112.0
FC1_mov_18_2,1.0,6.084907362795751e-07,120.0
FC1_rel_18_0,0,0,0
FC1_post_18_0,0.3333333333333333,1.220573454736108e-06,120.0
FC1_p-post_18_0,0.3993610223642173,1.3363096421890868e-06,112.0
FC1_p-pre_19_0,0,0,0
FC1_pre_19_0,0,0,0
FC1_prep_19_0,0,0,0
FC1_mov_19_0,0.3333333333333333,2.7236378321961856e-06,116.0
FC1_rel_19_0,0.6666666666666666,1.712995904754422e-06,168.0
FC1_post_19_0,0,0,0
FC1_p-post_19_0,0.3993610223642173,2.2854624310303604e-06,208.0
FC1_p-pre_20_0,0,0,0
FC1_pre_20_0,0,0,0
FC1_prep_20_0,0,0,0
FC1_mov_20_0,0.3333333333333333,7.664849357639999e-07,120.0
FC1_rel_20_0,0,0,0
FC1_post_20_0,0.3333333333333333,8.789496351616606e-07,132.0
FC1_p-post_20_0,0,0,0
FC1_p-pre_21_0,0,0,0
FC1_pre_21_0,1.0,2.0794182452865605e-06,104.0
FC1_prep_21_0,0,0,0
FC1_mov_21_0,0.6666666666666666,1.0794016207823558e-06,104.0
FC1_mov_21_1,0.6666666666666666,1.3307302322016046e-06,156.0
FC1_rel_21_0,0.6666666666666666,1.3307302322016046e-06,144.0
FC1_post_21_0,0.6666666666666666,1.924650590098366e-06,204.0
FC1_post_21_1,0.6666666666666666,1.340097162515758e-06,276.0
FC1_p-post_21_0,0.3993610223642173,8.867351288300542e-07,116.0
FC1_p-pre_22_0,0,0,0
FC1_pre_22_0,0,0,0
FC1_prep_22_0,0,0,0
FC1_mov_22_0,0,0,0
FC1_rel_22_0,0,0,0
FC1_post_22_0,0,0,0
FC1_p-post_22_0,0,0,0
FC1_p-pre_23_0,0,0,0
FC1_pre_23_0,0,0,0
FC1_prep_23_0,0,0,0
FC1_mov_23_0,0.3333333333333333,1.163653836837776e-06,124.0
FC1_rel_23_0,0.6666666666666666,1.8532110835253546e-06,124.0
FC1_post_23_0,0.3333333333333333,1.6110732218792218e-06,132.0
FC1_p-post_23_0,0.7987220447284346,2.007657800703763e-06,196.0
FC1_p-post_23_1,0.7987220447284346,1.3319251035987903e-06,104.0
FC1_p-pre_24_0,0,0,0
FC1_pre_24_0,0,0,0
FC1_prep_24_0,0,0,0
FC1_mov_24_0,0.3333333333333333,4.4002292159188974e-07,116.0
FC1_rel_24_0,1.3333333333333333,4.4002292159188974e-07,144.0
FC1_rel_24_1,1.3333333333333333,7.592772277799083e-07,256.0
FC1_post_24_0,1.0,7.592772277799083e-07,104.0
FC1_post_24_1,1.0,3.1429009144789558e-06,224.0
FC1_post_24_2,1.0,2.0545090566745967e-06,152.0
FC1_p-post_24_0,0,0,0
FC1_p-pre_25_0,0,0,0
FC1_pre_25_0,0,0,0
FC1_prep_25_0,0,0,0
FC1_mov_25_0,0.3333333333333333,4.551768158817532e-07,128.0
FC1_rel_25_0,0,0,0
FC1_post_25_0,0.3333333333333333,3.821497490671656e-06,228.0
FC1_p-post_25_0,0.7987220447284346,9.160502310634635e-07,108.0
FC1_p-post_25_1,0.7987220447284346,1.427673633357818e-06,144.0
FC1_p-pre_26_0,0,0,0
FC1_pre_26_0,1.0,7.954293912482309e-07,140.0
FC1_prep_26_0,0,0,0
FC1_mov_26_0,0.3333333333333333,1.1062316089462357e-06,184.0
FC1_rel_26_0,0.6666666666666666,1.2786831015251597e-06,112.0
FC1_post_26_0,0.3333333333333333,1.8712837817677044e-06,104.0
FC1_p-post_26_0,0.7987220447284346,1.2544850667157363e-06,192.0
FC1_p-post_26_1,0.7987220447284346,9.589276943584835e-07,180.0
FC1_p-pre_27_0,0,0,0
FC1_pre_27_0,1.0,1.1588681673072011e-06,132.0
FC1_prep_27_0,0,0,0
FC1_mov_27_0,0.6666666666666666,1.2976316557983953e-06,172.0
FC1_mov_27_1,0.6666666666666666,1.4488203416402938e-06,140.0
FC1_rel_27_0,0.6666666666666666,1.5540901047274511e-06,144.0
FC1_post_27_0,0.3333333333333333,2.2227796742200705e-06,108.0
FC1_p-post_27_0,0,0,0
C3_p-pre_1_0,0,0,0
C3_pre_1_0,0,0,0
C3_prep_1_0,0,0,0
C3_mov_1_0,0,0,0
C3_rel_1_0,0,0,0
C3_post_1_0,0.3333333333333333,1.959973793421104e-06,104.0
C3_p-post_1_0,0,0,0
C3_p-pre_2_0,0,0,0
C3_pre_2_0,0,0,0
C3_prep_2_0,0,0,0
C3_mov_2_0,0,0,0
C3_rel_2_0,0.6666666666666666,1.372161412457793e-06,156.0
C3_post_2_0,0.3333333333333333,1.1930133790114534e-06,116.0
C3_p-post_2_0,0,0,0
C3_p-pre_3_0,0,0,0
C3_pre_3_0,0,0,0
C3_prep_3_0,0,0,0
C3_mov_3_0,0.3333333333333333,1.5124999431812373e-06,184.0
C3_rel_3_0,0,0,0
C3_post_3_0,0.6666666666666666,1.4428511075473294e-06,108.0
C3_post_3_1,0.6666666666666666,1.4475688027488132e-06,124.0
C3_p-post_3_0,0.7987220447284346,1.9747680576901626e-06,140.0
C3_p-post_3_1,0.7987220447284346,1.59622716912123e-06,120.0
C3_p-pre_4_0,0,0,0
C3_pre_4_0,0,0,0
C3_prep_4_0,1.6666666666666667,1.6591564708951084e-06,108.0
C3_mov_4_0,0.3333333333333333,1.2255991678836339e-06,104.0
C3_rel_4_0,0,0,0
C3_post_4_0,0.6666666666666666,1.3311609918937059e-06,116.0
C3_post_4_1,0.6666666666666666,1.4912178640544003e-06,152.0
C3_p-post_4_0,0.3993610223642173,1.647771405880351e-06,112.0
C3_p-pre_5_0,0,0,0
C3_pre_5_0,0,0,0
C3_prep_5_0,1.6666666666666667,1.8382606209835144e-06,160.0
C3_mov_5_0,0,0,0
C3_rel_5_0,0,0,0
C3_post_5_0,0,0,0
C3_p-post_5_0,0.3993610223642173,2.98794154417299e-06,124.0
C3_p-pre_6_0,0,0,0
C3_pre_6_0,0,0,0
C3_prep_6_0,0,0,0
C3_mov_6_0,0.6666666666666666,1.7699071504085063e-06,160.0
C3_mov_6_1,0.6666666666666666,1.7133737632962434e-06,132.0
C3_rel_6_0,0,0,0
C3_post_6_0,0.3333333333333333,1.7363602580581175e-06,152.0
C3_p-post_6_0,0,0,0
C3_p-pre_7_0,0,0,0
C3_pre_7_0,0,0,0
C3_prep_7_0,0,0,0
C3_mov_7_0,0.3333333333333333,1.102877982983555e-06,120.0
C3_rel_7_0,0,0,0
C3_post_7_0,0.6666666666666666,2.550378360220071e-06,104.0
C3_post_7_1,0.6666666666666666,1.5839639508826321e-06,104.0
C3_p-post_7_0,0,0,0
C3_p-pre_8_0,0,0,0
C3_pre_8_0,1.0,2.6788124096814703e-06,128.0
C3_prep_8_0,0,0,0
C3_mov_8_0,0,0,0
C3_rel_8_0,0.6666666666666666,1.7450307250758912e-06,116.0
C3_post_8_0,0.3333333333333333,1.0390896653360127e-06,108.0
C3_p-post_8_0,0.7987220447284346,2.62709716483308e-06,104.0
C3_p-post_8_1,0.7987220447284346,1.4806444989939605e-06,136.0
C3_p-pre_9_0,2.5,2.5248856426632746e-06,112.0
C3_pre_9_0,2.0,2.5248856426632746e-06,128.0
C3_pre_9_1,2.0,1.482160171435172e-06,116.0
C3_prep_9_0,0,0,0
C3_mov_9_0,1.0,1.4146687532963955e-06,108.0
C3_mov_9_1,1.0,2.8239662415515068e-06,140.0
C3_mov_9_2,1.0,1.675934630452673e-06,172.0
C3_rel_9_0,0.6666666666666666,2.75960201928346e-06,188.0
C3_post_9_0,0.3333333333333333,1.8460778387563533e-06,180.0
C3_p-post_9_0,0.3993610223642173,2.9864584671363654e-06,164.0
C3_p-pre_10_0,2.5,2.3394481764695517e-06,108.0
C3_pre_10_0,0,0,0
C3_prep_10_0,0,0,0
C3_mov_10_0,0.6666666666666666,1.6176207014809875e-06,112.0
C3_mov_10_1,0.6666666666666666,1.276837589196412e-06,108.0
C3_rel_10_0,0,0,0
C3_post_10_0,0.6666666666666666,2.6307561696404505e-06,128.0
C3_post_10_1,0.6666666666666666,2.037597929034857e-06,108.0
C3_p-post_10_0,0.3993610223642173,3.562687677166971e-06,124.0
C3_p-pre_11_0,0,0,0
C3_pre_11_0,0,0,0
C3_prep_11_0,0,0,0
C3_mov_11_0,0.3333333333333333,1.2097895680378902e-06,132.0
C3_rel_11_0,0,0,0
C3_post_11_0,0,0,0
C3_p-post_11_0,0.3993610223642173,2.7292364355107517e-06,156.0
C3_p-pre_12_0,0,0,0
C3_pre_12_0,0,0,0
C3_prep_12_0,0,0,0
C3_mov_12_0,0.3333333333333333,2.5865762591237154e-06,136.0
C3_rel_12_0,0.6666666666666666,1.2277169955746172e-06,120.0
C3_post_12_0,0.3333333333333333,1.3593520096179516e-06,148.0
C3_p-post_12_0,0.3993610223642173,2.579447552826799e-06,128.0
C3_p-pre_13_0,0,0,0
C3_pre_13_0,1.0,2.705409806397614e-06,188.0
C3_prep_13_0,1.6666666666666667,1.0816292734516311e-06,192.0
C3_mov_13_0,0.6666666666666666,1.7359320970132553e-06,144.0
C3_mov_13_1,0.6666666666666666,2.958539413023698e-06,172.0
C3_rel_13_0,1.3333333333333333,6.467354018281025e-07,104.0
C3_rel_13_1,1.3333333333333333,8.821070150832014e-07,108.0
C3_post_13_0,0.3333333333333333,1.3283942678955208e-06,188.0
C3_p-post_13_0,0.3993610223642173,1.262785828293994e-06,132.0
C3_p-pre_14_0,0,0,0
C3_pre_14_0,1.0,1.3859430895020481e-06,156.0
C3_prep_14_0,0,0,0
C3_mov_14_0,0.6666666666666666,8.224253394074316e-07,160.0
C3_mov_14_1,0.6666666666666666,5.772757215707978e-07,116.0
C3_rel_14_0,0.6666666666666666,1.3313966716676682e-06,132.0
C3_post_14_0,0.6666666666666666,1.4368102823594623e-06,112.0
C3_post_14_1,0.6666666666666666,2.210102031217144e-06,104.0
C3_p-post_14_0,0.3993610223642173,1.7662514439919502e-06,116.0
C3_p-pre_15_0,0,0,0
C3_pre_15_0,1.0,1.2411278049382035e-06,160.0
C3_prep_15_0,0,0,0
C3_mov_15_0,0.3333333333333333,1.8036493027618688e-06,132.0
C3_rel_15_0,0,0,0
C3_post_15_0,0.6666666666666666,1.379156476322716e-06,124.0
C3_post_15_1,0.6666666666666666,2.1145382653282994e-06,144.0
C3_p-post_15_0,0.3993610223642173,1.393490486639373e-06,128.0
C3_p-pre_16_0,0,0,0
C3_pre_16_0,1.0,1.4163338853467163e-06,112.0
C3_prep_16_0,0,0,0
C3_mov_16_0,0.3333333333333333,1.5833336533185434e-06,236.0
C3_rel_16_0,0,0,0
C3_post_16_0,0.3333333333333333,9.048557069765259e-07,168.0
C3_p-post_16_0,0.3993610223642173,1.4736873415401238e-06,152.0
C3_p-pre_17_0,0,0,0
C3_pre_17_0,0,0,0
C3_prep_17_0,0,0,0
C3_mov_17_0,0.3333333333333333,9.491597122718839e-07,140.0
C3_rel_17_0,0.6666666666666666,1.2907935723127997e-06,148.0
C3_post_17_0,0,0,0
C3_p-post_17_0,0.7987220447284346,2.0375201496376016e-06,116.0
C3_p-post_17_1,0.7987220447284346,1.4716684861331003e-06,108.0
C3_p-pre_18_0,0,0,0
C3_pre_18_0,0,0,0
C3_prep_18_0,0,0,0
C3_mov_18_0,0.3333333333333333,1.0483112286507316e-06,132.0
C3_rel_18_0,0,0,0
C3_post_18_0,0,0,0
C3_p-post_18_0,0.7987220447284346,9.781880279011383e-07,108.0
C3_p-post_18_1,0.7987220447284346,1.2593279975694727e-06,120.0
C3_p-pre_19_0,0,0,0
C3_pre_19_0,0,0,0
C3_prep_19_0,0,0,0
C3_mov_19_0,0,0,0
C3_rel_19_0,0,0,0
C3_post_19_0,0.3333333333333333,1.7020722594026236e-06,156.0
C3_p-post_19_0,0.3993610223642173,2.129367298670557e-06,216.0
C3_p-pre_20_0,2.5,1.1260347139652564e-06,148.0
C3_pre_20_0,1.0,2.479544872294154e-06,140.0
C3_prep_20_0,0,0,0
C3_mov_20_0,0.6666666666666666,1.1346532369240885e-06,144.0
C3_mov_20_1,0.6666666666666666,8.94403448360819e-07,112.0
C3_rel_20_0,0.6666666666666666,1.1853808623238575e-06,120.0
C3_post_20_0,0.3333333333333333,1.1842209744953712e-06,168.0
C3_p-post_20_0,0.3993610223642173,2.5144789173341273e-06,104.0
C3_p-pre_21_0,0,0,0
C3_pre_21_0,0,0,0
C3_prep_21_0,0,0,0
C3_mov_21_0,0.3333333333333333,1.1145511226195587e-06,128.0
C3_rel_21_0,0,0,0
C3_post_21_0,0.3333333333333333,1.3883310858064024e-06,228.0
C3_p-post_21_0,1.1980830670926517,8.755015339439906e-07,120.0
C3_p-post_21_1,1.1980830670926517,2.197385112487999e-06,104.0
C3_p-post_21_2,1.1980830670926517,8.577219973829111e-07,112.0
C3_p-pre_22_0,0,0,0
C3_pre_22_0,0,0,0
C3_prep_22_0,0,0,0
C3_mov_22_0,0.6666666666666666,1.924546144087101e-06,104.0
C3_mov_22_1,0.6666666666666666,1.137253962494367e-06,132.0
C3_rel_22_0,0.6666666666666666,7.268672176613912e-07,112.0
C3_post_22_0,0.3333333333333333,1.3092518943190357e-06,104.0
C3_p-post_22_0,0,0,0
C3_p-pre_23_0,0,0,0
C3_pre_23_0,0,0,0
C3_prep_23_0,0,0,0
C3_mov_23_0,0.6666666666666666,1.3836052357149913e-06,128.0
C3_mov_23_1,0.6666666666666666,9.846848358566671e-07,112.0
C3_rel_23_0,0.6666666666666666,2.2849234892309693e-06,144.0
C3_post_23_0,0.3333333333333333,1.4524013841199178e-06,112.0
C3_p-post_23_0,0.3993610223642173,1.930547230514867e-06,208.0
C3_p-pre_24_0,0,0,0
C3_pre_24_0,0,0,0
C3_prep_24_0,0,0,0
C3_mov_24_0,0.6666666666666666,1.2373993492819725e-06,108.0
C3_mov_24_1,0.6666666666666666,8.246122287349904e-07,124.0
C3_rel_24_0,1.3333333333333333,8.246122287349904e-07,148.0
C3_rel_24_1,1.3333333333333333,9.166376077573707e-07,252.0
C3_post_24_0,0.3333333333333333,2.2183783430683248e-06,132.0
C3_p-post_24_0,0,0,0
C3_p-pre_25_0,0,0,0
C3_pre_25_0,0,0,0
C3_prep_25_0,0,0,0
C3_mov_25_0,0.6666666666666666,9.143418957624289e-07,120.0
C3_mov_25_1,0.6666666666666666,9.58082081988642e-07,108.0
C3_rel_25_0,0,0,0
C3_post_25_0,0.3333333333333333,3.5166684225617516e-06,180.0
C3_p-post_25_0,0.3993610223642173,1.3038875492673928e-06,128.0
C3_p-pre_26_0,0,0,0
C3_pre_26_0,1.0,1.2920607411401885e-06,124.0
C3_prep_26_0,0,0,0
C3_mov_26_0,0.3333333333333333,9.587710210377288e-07,140.0
C3_rel_26_0,1.3333333333333333,8.042051766433781e-07,104.0
C3_rel_26_1,1.3333333333333333,1.1246873801613979e-06,120.0
C3_post_26_0,0,0,0
C3_p-post_26_0,1.1980830670926517,1.608371275561416e-06,108.0
C3_p-post_26_1,1.1980830670926517,1.7424840643097117e-06,192.0
C3_p-post_26_2,1.1980830670926517,9.924669533217977e-07,112.0
C3_p-pre_27_0,0,0,0
C3_pre_27_0,1.0,1.367307559143999e-06,104.0
C3_prep_27_0,0,0,0
C3_mov_27_0,0.6666666666666666,1.1882245871914981e-06,164.0
C3_mov_27_1,0.6666666666666666,1.0534154184277086e-06,136.0
C3_rel_27_0,1.3333333333333333,1.0534154184277086e-06,128.0
C3_rel_27_1,1.3333333333333333,9.524735626463925e-07,132.0
C3_post_27_0,0.6666666666666666,1.2712587715443183e-06,112.0
C3_post_27_1,0.6666666666666666,2.686679994002767e-06,112.0
C3_p-post_27_0,0.7987220447284346,1.193179393122215e-06,192.0
C3_p-post_27_1,0.7987220447284346,8.584346958308765e-07,108.0
CP5_p-pre_1_0,0,0,0
CP5_pre_1_0,0,0,0
CP5_prep_1_0,0,0,0
CP5_mov_1_0,0.3333333333333333,9.706287027351117e-07,136.0
CP5_rel_1_0,0,0,0
CP5_post_1_0,0.3333333333333333,1.2878129344475422e-06,104.0
CP5_p-post_1_0,0.3993610223642173,2.432894676620437e-06,188.0
CP5_p-pre_2_0,0,0,0
CP5_pre_2_0,1.0,1.7965344210907207e-06,108.0
CP5_prep_2_0,1.6666666666666667,1.513378203110924e-06,136.0
CP5_mov_2_0,0.3333333333333333,1.3079576094308023e-06,144.0
CP5_rel_2_0,0,0,0
CP5_post_2_0,0,0,0
CP5_p-post_2_0,0.3993610223642173,1.6183589860239193e-06,120.0
CP5_p-pre_3_0,0,0,0
CP5_pre_3_0,1.0,3.60427769156447e-07,116.0
CP5_prep_3_0,0,0,0
CP5_mov_3_0,0.3333333333333333,1.0394312797919322e-06,172.0
CP5_rel_3_0,0,0,0
CP5_post_3_0,0.3333333333333333,5.49339967149795e-07,108.0
CP5_p-post_3_0,0.3993610223642173,1.2177259409379654e-06,136.0
CP5_p-pre_4_0,0,0,0
CP5_pre_4_0,1.0,1.4501623752744328e-06,108.0
CP5_prep_4_0,0,0,0
CP5_mov_4_0,0,0,0
CP5_rel_4_0,0,0,0
CP5_post_4_0,0,0,0
CP5_p-post_4_0,0,0,0
CP5_p-pre_5_0,0,0,0
CP5_pre_5_0,1.0,1.639515926221855e-06,108.0
CP5_prep_5_0,0,0,0
CP5_mov_5_0,0,0,0
CP5_rel_5_0,0,0,0
CP5_post_5_0,0.3333333333333333,1.596740264910509e-06,144.0
CP5_p-post_5_0,0.3993610223642173,9.740524876900661e-07,116.0
CP5_p-pre_6_0,2.5,9.5244244840999e-07,152.0
CP5_pre_6_0,1.0,9.5244244840999e-07,152.0
CP5_prep_6_0,1.6666666666666667,2.1259044111715935e-06,140.0
CP5_mov_6_0,0.3333333333333333,1.6457814097022693e-06,148.0
CP5_rel_6_0,0,0,0
CP5_post_6_0,0.6666666666666666,1.3401490197339821e-06,104.0
CP5_post_6_1,0.6666666666666666,1.1521502037566052e-06,104.0
CP5_p-post_6_0,0,0,0
CP5_p-pre_7_0,0,0,0
CP5_pre_7_0,0,0,0
CP5_prep_7_0,0,0,0
CP5_mov_7_0,0.6666666666666666,1.6301316859841559e-06,104.0
CP5_mov_7_1,0.6666666666666666,1.1846207804843504e-06,104.0
CP5_rel_7_0,0,0,0
CP5_post_7_0,0.3333333333333333,1.573802154254283e-06,104.0
CP5_p-post_7_0,0,0,0
CP5_p-pre_8_0,0,0,0
CP5_pre_8_0,0,0,0
CP5_prep_8_0,0,0,0
CP5_mov_8_0,0.3333333333333333,1.254161741275041e-06,144.0
CP5_rel_8_0,0,0,0
CP5_post_8_0,0.6666666666666666,1.1993477352975755e-06,176.0
CP5_post_8_1,0.6666666666666666,6.800114336528912e-07,132.0
CP5_p-post_8_0,0,0,0
CP5_p-pre_9_0,2.5,1.1362887851527267e-06,156.0
CP5_pre_9_0,1.0,1.1362887851527267e-06,120.0
CP5_prep_9_0,0,0,0
CP5_mov_9_0,1.0,6.391342701675482e-07,112.0
CP5_mov_9_1,1.0,9.270100908003008e-07,116.0
CP5_mov_9_2,1.0,1.9667823403557206e-06,128.0
CP5_rel_9_0,0.6666666666666666,1.6760464150325507e-06,128.0
CP5_post_9_0,0.6666666666666666,1.6760464150325507e-06,196.0
CP5_post_9_1,0.6666666666666666,1.181174062040765e-06,104.0
CP5_p-post_9_0,0.7987220447284346,1.9037177110174424e-06,128.0
CP5_p-post_9_1,0.7987220447284346,1.013899567385241e-06,128.0
CP5_p-pre_10_0,0,0,0
CP5_pre_10_0,0,0,0
CP5_prep_10_0,0,0,0
CP5_mov_10_0,0.6666666666666666,8.972414611246666e-07,292.0
CP5_mov_10_1,0.6666666666666666,9.059634264914163e-07,104.0
CP5_rel_10_0,0.6666666666666666,7.081218175094917e-07,108.0
CP5_post_10_0,0.3333333333333333,1.2065564695899339e-06,132.0
CP5_p-post_10_0,0.3993610223642173,2.606067982776367e-06,108.0
CP5_p-pre_11_0,0,0,0
CP5_pre_11_0,1.0,1.049357214917848e-06,104.0
CP5_prep_11_0,0,0,0
CP5_mov_11_0,0.3333333333333333,4.720337543453535e-07,180.0
CP5_rel_11_0,0.6666666666666666,1.3695223270326266e-06,120.0
CP5_post_11_0,0.3333333333333333,1.1724308854459373e-06,156.0
CP5_p-post_11_0,0.3993610223642173,1.1264634559459063e-06,148.0
CP5_p-pre_12_0,0,0,0
CP5_pre_12_0,0,0,0
CP5_prep_12_0,0,0,0
CP5_mov_12_0,0.3333333333333333,1.3215325485863648e-06,116.0
CP5_rel_12_0,0.6666666666666666,1.5003319134365685e-06,128.0
CP5_post_12_0,0,0,0
CP5_p-post_12_0,0.3993610223642173,9.274100216957709e-07,144.0
CP5_p-pre_13_0,0,0,0
CP5_pre_13_0,0,0,0
CP5_prep_13_0,1.6666666666666667,7.760956378541652e-07,112.0
CP5_mov_13_0,0.3333333333333333,5.751578079382106e-07,104.0
CP5_rel_13_0,0,0,0
CP5_post_13_0,0.3333333333333333,1.5267839194958289e-06,112.0
CP5_p-post_13_0,0.3993610223642173,8.649891162966623e-07,140.0
CP5_p-pre_14_0,0,0,0
CP5_pre_14_0,0,0,0
CP5_prep_14_0,0,0,0
CP5_mov_14_0,0,0,0
CP5_rel_14_0,0,0,0
CP5_post_14_0,0.6666666666666666,1.341466526930041e-06,104.0
CP5_post_14_1,0.6666666666666666,2.0807012586081514e-06,112.0
CP5_p-post_14_0,0,0,0
CP5_p-pre_15_0,0,0,0
CP5_pre_15_0,1.0,6.883282662296833e-07,104.0
CP5_prep_15_0,0,0,0
CP5_mov_15_0,0.6666666666666666,9.592196659448305e-07,108.0
CP5_mov_15_1,0.6666666666666666,1.2905369519159637e-06,164.0
CP5_rel_15_0,0.6666666666666666,1.1522293345666052e-06,148.0
CP5_post_15_0,0,0,0
CP5_p-post_15_0,0.3993610223642173,1.2354507256907263e-06,180.0
CP5_p-pre_16_0,0,0,0
CP5_pre_16_0,0,0,0
CP5_prep_16_0,0,0,0
CP5_mov_16_0,0,0,0
CP5_rel_16_0,0.6666666666666666,1.0108617756727691e-06,104.0
CP5_post_16_0,0.3333333333333333,1.0781174701760985e-06,124.0
CP5_p-post_16_0,0.3993610223642173,3.684927792237141e-07,108.0
CP5_p-pre_17_0,0,0,0
CP5_pre_17_0,0,0,0
CP5_prep_17_0,1.6666666666666667,5.268950919294469e-07,132.0
CP5_mov_17_0,0.3333333333333333,2.0724331377691263e-06,112.0
CP5_rel_17_0,0.6666666666666666,1.4022711507195973e-06,172.0
CP5_post_17_0,0.3333333333333333,1.0399748776834838e-06,132.0
CP5_p-post_17_0,0.3993610223642173,9.219906265738662e-07,120.0
CP5_p-pre_18_0,0,0,0
CP5_pre_18_0,0,0,0
CP5_prep_18_0,1.6666666666666667,9.158772065589561e-07,152.0
CP5_mov_18_0,0.3333333333333333,1.2649794091473832e-06,144.0
CP5_rel_18_0,0.6666666666666666,1.2649794091473832e-06,108.0
CP5_post_18_0,0,0,0
CP5_p-post_18_0,0.7987220447284346,1.1043180495503267e-06,120.0
CP5_p-post_18_1,0.7987220447284346,1.0226555479570796e-06,128.0
CP5_p-pre_19_0,0,0,0
CP5_pre_19_0,0,0,0
CP5_prep_19_0,0,0,0
CP5_mov_19_0,0,0,0
CP5_rel_19_0,0,0,0
CP5_post_19_0,0.3333333333333333,1.1567534037066215e-06,160.0
CP5_p-post_19_0,0.3993610223642173,1.4945344731465958e-06,236.0
CP5_p-pre_20_0,0,0,0
CP5_pre_20_0,0,0,0
CP5_prep_20_0,0,0,0
CP5_mov_20_0,0.3333333333333333,9.24588440242861e-07,108.0
CP5_rel_20_0,0,0,0
CP5_post_20_0,1.0,1.1153162146904567e-06,132.0
CP5_post_20_1,1.0,1.4088615289960986e-06,164.0
CP5_post_20_2,1.0,1.101531343998403e-06,120.0
CP5_p-post_20_0,0,0,0
CP5_p-pre_21_0,0,0,0
CP5_pre_21_0,1.0,1.7625656489538669e-06,116.0
CP5_prep_21_0,0,0,0
CP5_mov_21_0,0.3333333333333333,1.1583111132173702e-06,124.0
CP5_rel_21_0,0,0,0
CP5_post_21_0,0.6666666666666666,9.110616936508438e-07,144.0
CP5_post_21_1,0.6666666666666666,1.033632046830331e-06,124.0
CP5_p-post_21_0,0,0,0
CP5_p-pre_22_0,0,0,0
CP5_pre_22_0,0,0,0
CP5_prep_22_0,0,0,0
CP5_mov_22_0,0.3333333333333333,6.829196924797617e-07,120.0
CP5_rel_22_0,1.3333333333333333,5.13987974148455e-07,104.0
CP5_rel_22_1,1.3333333333333333,5.547179746385463e-07,136.0
CP5_post_22_0,1.0,1.366067826183078e-06,124.0
CP5_post_22_1,1.0,1.2294443708906266e-06,108.0
CP5_post_22_2,1.0,1.611265903504076e-06,176.0
CP5_p-post_22_0,0.3993610223642173,1.611265903504076e-06,184.0
CP5_p-pre_23_0,0,0,0
CP5_pre_23_0,0,0,0
CP5_prep_23_0,0,0,0
CP5_mov_23_0,0,0,0
CP5_rel_23_0,0.6666666666666666,1.6837772584166853e-06,116.0
CP5_post_23_0,0,0,0
CP5_p-post_23_0,0.3993610223642173,9.106853021596127e-07,220.0
CP5_p-pre_24_0,0,0,0
CP5_pre_24_0,0,0,0
CP5_prep_24_0,0,0,0
CP5_mov_24_0,0.6666666666666666,7.791229116841742e-07,128.0
CP5_mov_24_1,0.6666666666666666,6.231608788925673e-07,144.0
CP5_rel_24_0,0,0,0
CP5_post_24_0,0,0,0
CP5_p-post_24_0,0.7987220447284346,9.471233597932427e-07,148.0
CP5_p-post_24_1,0.7987220447284346,4.5524295489840747e-07,116.0
CP5_p-pre_25_0,2.5,1.6087744564030389e-06,236.0
CP5_pre_25_0,1.0,1.6087744564030389e-06,116.0
CP5_prep_25_0,0,0,0
CP5_mov_25_0,0.6666666666666666,5.191415168177468e-07,192.0
CP5_mov_25_1,0.6666666666666666,8.572411236954734e-07,152.0
CP5_rel_25_0,0.6666666666666666,1.1824448555700789e-06,184.0
CP5_post_25_0,0,0,0
CP5_p-post_25_0,0.3993610223642173,1.0405770218967904e-06,140.0
CP5_p-pre_26_0,0,0,0
CP5_pre_26_0,1.0,3.5580868776856435e-07,128.0
CP5_prep_26_0,0,0,0
CP5_mov_26_0,0.6666666666666666,7.736741716826917e-07,140.0
CP5_mov_26_1,0.6666666666666666,9.101432107472792e-07,176.0
CP5_rel_26_0,0,0,0
CP5_post_26_0,0.6666666666666666,1.364861572417518e-06,168.0
CP5_post_26_1,0.6666666666666666,1.1637921244302229e-06,132.0
CP5_p-post_26_0,0.7987220447284346,1.118148952123386e-06,104.0
CP5_p-post_26_1,0.7987220447284346,1.598582110981687e-06,104.0
CP5_p-pre_27_0,0,0,0
CP5_pre_27_0,1.0,1.2421592606441656e-06,136.0
CP5_prep_27_0,0,0,0
CP5_mov_27_0,0,0,0
CP5_rel_27_0,0,0,0
CP5_post_27_0,0.3333333333333333,7.193607232303358e-07,116.0
CP5_p-post_27_0,0,0,0
CP1_p-pre_1_0,0,0,0
CP1_pre_1_0,0,0,0
CP1_prep_1_0,0,0,0
CP1_mov_1_0,0.3333333333333333,8.525698134453489e-07,116.0
CP1_rel_1_0,0,0,0
CP1_post_1_0,0,0,0
CP1_p-post_1_0,0,0,0
CP1_p-pre_2_0,0,0,0
CP1_pre_2_0,0,0,0
CP1_prep_2_0,0,0,0
CP1_mov_2_0,0.6666666666666666,9.822644016589635e-07,108.0
CP1_mov_2_1,0.6666666666666666,1.137929929483584e-06,104.0
CP1_rel_2_0,0,0,0
CP1_post_2_0,0.3333333333333333,2.8152930847066515e-06,112.0
CP1_p-post_2_0,0,0,0
CP1_p-pre_3_0,0,0,0
CP1_pre_3_0,0,0,0
CP1_prep_3_0,0,0,0
CP1_mov_3_0,0.6666666666666666,8.981192566408006e-07,104.0
CP1_mov_3_1,0.6666666666666666,1.5393459619395063e-06,148.0
CP1_rel_3_0,0,0,0
CP1_post_3_0,0.3333333333333333,2.3402981615874053e-06,120.0
CP1_p-post_3_0,0.3993610223642173,2.154183299983565e-06,132.0
CP1_p-pre_4_0,0,0,0
CP1_pre_4_0,0,0,0
CP1_prep_4_0,0,0,0
CP1_mov_4_0,0.3333333333333333,1.2144108645890659e-06,116.0
CP1_rel_4_0,0.6666666666666666,1.3828758285017441e-06,116.0
CP1_post_4_0,0.3333333333333333,1.088120391898325e-06,128.0
CP1_p-post_4_0,0,0,0
CP1_p-pre_5_0,0,0,0
CP1_pre_5_0,0,0,0
CP1_prep_5_0,0,0,0
CP1_mov_5_0,0,0,0
CP1_rel_5_0,0.6666666666666666,3.9034643515821737e-07,104.0
CP1_post_5_0,0,0,0
CP1_p-post_5_0,0.3993610223642173,1.3604145552304718e-06,116.0
CP1_p-pre_6_0,0,0,0
CP1_pre_6_0,0,0,0
CP1_prep_6_0,0,0,0
CP1_mov_6_0,0.3333333333333333,1.258802483292521e-06,156.0
CP1_rel_6_0,0,0,0
CP1_post_6_0,0.3333333333333333,1.3899054609018048e-06,144.0
CP1_p-post_6_0,0.3993610223642173,1.4469764358894871e-06,112.0
CP1_p-pre_7_0,0,0,0
CP1_pre_7_0,1.0,1.3187891522717102e-06,104.0
CP1_prep_7_0,0,0,0
CP1_mov_7_0,0.3333333333333333,1.1471646542485437e-06,104.0
CP1_rel_7_0,0.6666666666666666,1.1223499408897858e-06,104.0
CP1_post_7_0,0.3333333333333333,1.9656125807734865e-06,124.0
CP1_p-post_7_0,0,0,0
CP1_p-pre_8_0,0,0,0
CP1_pre_8_0,1.0,2.4281413648329576e-06,120.0
CP1_prep_8_0,0,0,0
CP1_mov_8_0,0,0,0
CP1_rel_8_0,0,0,0
CP1_post_8_0,0.6666666666666666,8.782854692474823e-07,132.0
CP1_post_8_1,0.6666666666666666,1.4520657335829272e-06,108.0
CP1_p-post_8_0,0.3993610223642173,2.129736708959514e-06,112.0
CP1_p-pre_9_0,0,0,0
CP1_pre_9_0,0,0,0
CP1_prep_9_0,0,0,0
CP1_mov_9_0,0.6666666666666666,1.1216705025817945e-06,108.0
CP1_mov_9_1,0.6666666666666666,1.6297055176658541e-06,176.0
CP1_rel_9_0,0.6666666666666666,2.4738235777766596e-06,168.0
CP1_post_9_0,0.3333333333333333,1.5847074007939992e-06,176.0
CP1_p-post_9_0,0.7987220447284346,1.973032146348738e-06,132.0
CP1_p-post_9_1,0.7987220447284346,2.7068174419116735e-06,152.0
CP1_p-pre_10_0,2.5,2.044031269829648e-06,116.0
CP1_pre_10_0,0,0,0
CP1_prep_10_0,1.6666666666666667,1.4261657935441343e-06,112.0
CP1_mov_10_0,0.6666666666666666,1.4261657935441343e-06,124.0
CP1_mov_10_1,0.6666666666666666,1.136388794462932e-06,116.0
CP1_rel_10_0,0.6666666666666666,5.57926295804151e-07,112.0
CP1_post_10_0,0,0,0
CP1_p-post_10_0,0.3993610223642173,2.444269646856074e-06,108.0
CP1_p-pre_11_0,0,0,0
CP1_pre_11_0,0,0,0
CP1_prep_11_0,0,0,0
CP1_mov_11_0,0,0,0
CP1_rel_11_0,0,0,0
CP1_post_11_0,0,0,0
CP1_p-post_11_0,0.3993610223642173,1.1196982385032917e-06,192.0
CP1_p-pre_12_0,0,0,0
CP1_pre_12_0,0,0,0
CP1_prep_12_0,0,0,0
CP1_mov_12_0,0.3333333333333333,2.1904997662267226e-06,120.0
CP1_rel_12_0,0,0,0
CP1_post_12_0,0.3333333333333333,1.7596944068230324e-06,148.0
CP1_p-post_12_0,0,0,0
CP1_p-pre_13_0,0,0,0
CP1_pre_13_0,1.0,2.756584052877306e-06,192.0
CP1_prep_13_0,0,0,0
CP1_mov_13_0,0.6666666666666666,1.8191909487457946e-06,128.0
CP1_mov_13_1,0.6666666666666666,2.903718040511473e-06,164.0
CP1_rel_13_0,0.6666666666666666,1.3140479356000171e-06,132.0
CP1_post_13_0,0.3333333333333333,1.3786306797354919e-06,136.0
CP1_p-post_13_0,0.3993610223642173,1.540266674525736e-06,192.0
CP1_p-pre_14_0,0,0,0
CP1_pre_14_0,1.0,1.7261558202903097e-06,168.0
CP1_prep_14_0,1.6666666666666667,8.928967610056263e-07,112.0
CP1_mov_14_0,0.3333333333333333,8.154179836969192e-07,172.0
CP1_rel_14_0,0,0,0
CP1_post_14_0,0,0,0
CP1_p-post_14_0,0,0,0
CP1_p-pre_15_0,0,0,0
CP1_pre_15_0,1.0,1.5162919601982828e-06,136.0
CP1_prep_15_0,0,0,0
CP1_mov_15_0,0.3333333333333333,1.469486641824492e-06,164.0
CP1_rel_15_0,1.3333333333333333,1.2687263793728337e-06,108.0
CP1_rel_15_1,1.3333333333333333,5.773478898878378e-07,132.0
CP1_post_15_0,1.0,1.2178618737737323e-06,128.0
CP1_post_15_1,1.0,2.0009949146608703e-06,160.0
CP1_post_15_2,1.0,2.780777217317327e-06,152.0
CP1_p-post_15_0,0.3993610223642173,1.3675953412907e-06,140.0
CP1_p-pre_16_0,0,0,0
CP1_pre_16_0,1.0,1.830294831703267e-06,112.0
CP1_prep_16_0,0,0,0
CP1_mov_16_0,0.6666666666666666,5.847889711625988e-07,108.0
CP1_mov_16_1,0.6666666666666666,1.0266076464540605e-06,136.0
CP1_rel_16_0,0.6666666666666666,6.753897241828741e-07,104.0
CP1_post_16_0,0.3333333333333333,7.8843750251515e-07,132.0
CP1_p-post_16_0,0.3993610223642173,1.3660255209263218e-06,216.0
CP1_p-pre_17_0,0,0,0
CP1_pre_17_0,1.0,2.3051056403792635e-06,104.0
CP1_prep_17_0,1.6666666666666667,9.379649856903123e-07,108.0
CP1_mov_17_0,0,0,0
CP1_rel_17_0,0,0,0
CP1_post_17_0,1.0,1.242495921197494e-06,104.0
CP1_post_17_1,1.0,1.1101935889831338e-06,112.0
CP1_post_17_2,1.0,1.4520887841494278e-06,136.0
CP1_p-post_17_0,0.7987220447284346,1.725586900596992e-06,128.0
CP1_p-post_17_1,0.7987220447284346,1.5114543013511557e-06,112.0
CP1_p-pre_18_0,0,0,0
CP1_pre_18_0,0,0,0
CP1_prep_18_0,1.6666666666666667,1.622664777707484e-06,132.0
CP1_mov_18_0,0.3333333333333333,9.955817482290728e-07,136.0
CP1_rel_18_0,0.6666666666666666,9.845548241300544e-07,108.0
CP1_post_18_0,0,0,0
CP1_p-post_18_0,0,0,0
CP1_p-pre_19_0,0,0,0
CP1_pre_19_0,0,0,0
CP1_prep_19_0,0,0,0
CP1_mov_19_0,0.6666666666666666,1.5914946946789701e-06,188.0
CP1_mov_19_1,0.6666666666666666,2.542689027320338e-06,128.0
CP1_rel_19_0,0.6666666666666666,2.3346690635892223e-06,108.0
CP1_post_19_0,0.6666666666666666,1.6332950363069115e-06,156.0
CP1_post_19_1,0.6666666666666666,6.639393250036244e-07,140.0
CP1_p-post_19_0,0.3993610223642173,1.867674807694485e-06,236.0
CP1_p-pre_20_0,2.5,1.1408798590721639e-06,132.0
CP1_pre_20_0,0,0,0
CP1_prep_20_0,0,0,0
CP1_mov_20_0,0.3333333333333333,1.418045787766492e-06,108.0
CP1_rel_20_0,0,0,0
CP1_post_20_0,0.3333333333333333,1.3819740145573676e-06,120.0
CP1_p-post_20_0,0.3993610223642173,2.2416669296488965e-06,108.0
CP1_p-pre_21_0,0,0,0
CP1_pre_21_0,0,0,0
CP1_prep_21_0,0,0,0
CP1_mov_21_0,0.3333333333333333,1.5206414403542744e-06,132.0
CP1_rel_21_0,0.6666666666666666,1.5308506220464533e-06,116.0
CP1_post_21_0,1.0,1.5308506220464533e-06,192.0
CP1_post_21_1,1.0,6.87947195074883e-07,108.0
CP1_post_21_2,1.0,7.319715598615913e-07,128.0
CP1_p-post_21_0,0.3993610223642173,7.319715598615913e-07,128.0
CP1_p-pre_22_0,0,0,0
CP1_pre_22_0,1.0,9.285682460348552e-07,120.0
CP1_prep_22_0,0,0,0
CP1_mov_22_0,0.6666666666666666,1.9715489500255685e-06,168.0
CP1_mov_22_1,0.6666666666666666,1.2506487603741169e-06,124.0
CP1_rel_22_0,0.6666666666666666,9.417836245866793e-07,140.0
CP1_post_22_0,0,0,0
CP1_p-post_22_0,0,0,0
CP1_p-pre_23_0,0,0,0
CP1_pre_23_0,0,0,0
CP1_prep_23_0,1.6666666666666667,1.1178267779364302e-06,112.0
CP1_mov_23_0,0.6666666666666666,7.84016681449462e-07,108.0
CP1_mov_23_1,0.6666666666666666,1.1416758721808364e-06,144.0
CP1_rel_23_0,0.6666666666666666,2.040439818004399e-06,140.0
CP1_post_23_0,0.6666666666666666,1.8287116621166577e-06,112.0
CP1_post_23_1,0.6666666666666666,1.2430316389389953e-06,128.0
CP1_p-post_23_0,1.1980830670926517,8.031658160552438e-07,108.0
CP1_p-post_23_1,1.1980830670926517,1.6975176844520365e-06,256.0
CP1_p-post_23_2,1.1980830670926517,1.0692230341469522e-06,112.0
CP1_p-pre_24_0,0,0,0
CP1_pre_24_0,0,0,0
CP1_prep_24_0,0,0,0
CP1_mov_24_0,0,0,0
CP1_rel_24_0,1.3333333333333333,4.369570440365442e-07,128.0
CP1_rel_24_1,1.3333333333333333,4.605986022549477e-07,132.0
CP1_post_24_0,0.6666666666666666,2.71804026922411e-06,144.0
CP1_post_24_1,0.6666666666666666,1.6494858592990516e-06,156.0
CP1_p-post_24_0,0.7987220447284346,8.826148875594936e-07,164.0
CP1_p-post_24_1,0.7987220447284346,1.066764600543639e-06,104.0
CP1_p-pre_25_0,0,0,0
CP1_pre_25_0,0,0,0
CP1_prep_25_0,0,0,0
CP1_mov_25_0,0.3333333333333333,6.05890943604159e-07,132.0
CP1_rel_25_0,0,0,0
CP1_post_25_0,0.3333333333333333,3.3349147706210565e-06,204.0
CP1_p-post_25_0,0.7987220447284346,1.0161460375430474e-06,128.0
CP1_p-post_25_1,0.7987220447284346,1.6712398683013692e-06,140.0
CP1_p-pre_26_0,0,0,0
CP1_pre_26_0,1.0,9.345803090193124e-07,132.0
CP1_prep_26_0,0,0,0
CP1_mov_26_0,0.3333333333333333,1.6542566758315035e-06,104.0
CP1_rel_26_0,0.6666666666666666,1.0293767642697303e-06,112.0
CP1_post_26_0,0.3333333333333333,1.8164620302531286e-06,108.0
CP1_p-post_26_0,0.7987220447284346,1.6950179604430433e-06,104.0
CP1_p-post_26_1,0.7987220447284346,9.59573829528893e-07,116.0
CP1_p-pre_27_0,0,0,0
CP1_pre_27_0,0,0,0
CP1_prep_27_0,0,0,0
CP1_mov_27_0,0.3333333333333333,1.0975550629433858e-06,176.0
CP1_rel_27_0,0.6666666666666666,1.1252096358379847e-06,152.0
CP1_post_27_0,0.6666666666666666,1.160900794108842e-06,112.0
CP1_post_27_1,0.6666666666666666,1.7414298228942988e-06,120.0
CP1_p-post_27_0,0.7987220447284346,8.484045015243195e-07,128.0
CP1_p-post_27_1,0.7987220447284346,1.0869128404012144e-06,120.0
FC3_p-pre_1_0,0,0,0
FC3_pre_1_0,0,0,0
FC3_prep_1_0,0,0,0
FC3_mov_1_0,0.3333333333333333,3.1915670692894006e-06,132.0
FC3_rel_1_0,0.6666666666666666,3.819469658367947e-06,152.0
FC3_post_1_0,0.3333333333333333,3.819469658367947e-06,124.0
FC3_p-post_1_0,0.3993610223642173,2.0159552465669754e-06,108.0
FC3_p-pre_2_0,0,0,0
FC3_pre_2_0,0,0,0
FC3_prep_2_0,0,0,0
FC3_mov_2_0,0,0,0
FC3_rel_2_0,0.6666666666666666,1.149700598865397e-06,132.0
FC3_post_2_0,0.3333333333333333,5.168658218555797e-06,192.0
FC3_p-post_2_0,0,0,0
FC3_p-pre_3_0,0,0,0
FC3_pre_3_0,1.0,2.035431602243492e-06,108.0
FC3_prep_3_0,0,0,0
FC3_mov_3_0,0.3333333333333333,2.581229992259934e-06,128.0
FC3_rel_3_0,0.6666666666666666,2.6769997292057715e-06,148.0
FC3_post_3_0,0.3333333333333333,2.080783252767934e-06,128.0
FC3_p-post_3_0,0,0,0
FC3_p-pre_4_0,0,0,0
FC3_pre_4_0,0,0,0
FC3_prep_4_0,0,0,0
FC3_mov_4_0,0,0,0
FC3_rel_4_0,0.6666666666666666,2.325624097474145e-06,128.0
FC3_post_4_0,0,0,0
FC3_p-post_4_0,0.3993610223642173,4.199812761307097e-06,112.0
FC3_p-pre_5_0,0,0,0
FC3_pre_5_0,0,0,0
FC3_prep_5_0,0,0,0
FC3_mov_5_0,0.3333333333333333,1.1349079718647335e-06,136.0
FC3_rel_5_0,0,0,0
FC3_post_5_0,0.3333333333333333,2.7040805847104234e-06,128.0
FC3_p-post_5_0,0,0,0
FC3_p-pre_6_0,0,0,0
FC3_pre_6_0,1.0,1.94214386122544e-06,104.0
FC3_prep_6_0,0,0,0
FC3_mov_6_0,0.6666666666666666,1.666036333902528e-06,120.0
FC3_mov_6_1,0.6666666666666666,2.421545920375707e-06,164.0
FC3_rel_6_0,0.6666666666666666,1.2855525476896715e-06,172.0
FC3_post_6_0,0.3333333333333333,2.4190430239094067e-06,132.0
FC3_p-post_6_0,0,0,0
FC3_p-pre_7_0,2.5,3.311691759438174e-06,124.0
FC3_pre_7_0,1.0,2.338682707968814e-06,132.0
FC3_prep_7_0,0,0,0
FC3_mov_7_0,0,0,0
FC3_rel_7_0,0.6666666666666666,1.2842374557999205e-06,136.0
FC3_post_7_0,0.3333333333333333,3.2077035444144324e-06,116.0
FC3_p-post_7_0,0,0,0
FC3_p-pre_8_0,0,0,0
FC3_pre_8_0,0,0,0
FC3_prep_8_0,0,0,0
FC3_mov_8_0,0,0,0
FC3_rel_8_0,0,0,0
FC3_post_8_0,0.3333333333333333,4.458854941201162e-06,104.0
FC3_p-post_8_0,0,0,0
FC3_p-pre_9_0,0,0,0
FC3_pre_9_0,0,0,0
FC3_prep_9_0,0,0,0
FC3_mov_9_0,0.3333333333333333,3.950436276320228e-06,108.0
FC3_rel_9_0,0.6666666666666666,3.0034771235789917e-06,144.0
FC3_post_9_0,0.3333333333333333,1.3193320807345814e-06,116.0
FC3_p-post_9_0,0.3993610223642173,2.0471870168184506e-06,160.0
FC3_p-pre_10_0,2.5,2.822178983301693e-06,160.0
FC3_pre_10_0,1.0,2.822178983301693e-06,108.0
FC3_prep_10_0,0,0,0
FC3_mov_10_0,0,0,0
FC3_rel_10_0,0,0,0
FC3_post_10_0,0,0,0
FC3_p-post_10_0,0.3993610223642173,6.047947120653565e-06,108.0
FC3_p-pre_11_0,0,0,0
FC3_pre_11_0,0,0,0
FC3_prep_11_0,0,0,0
FC3_mov_11_0,0.3333333333333333,3.637449482897408e-06,220.0
FC3_rel_11_0,0,0,0
FC3_post_11_0,0,0,0
FC3_p-post_11_0,0.3993610223642173,2.459596077910501e-06,140.0
FC3_p-pre_12_0,0,0,0
FC3_pre_12_0,0,0,0
FC3_prep_12_0,0,0,0
FC3_mov_12_0,0.3333333333333333,3.212501431938484e-06,140.0
FC3_rel_12_0,0,0,0
FC3_post_12_0,0,0,0
FC3_p-post_12_0,0.3993610223642173,1.9552705870135905e-06,108.0
FC3_p-pre_13_0,0,0,0
FC3_pre_13_0,1.0,2.7183997071654874e-06,152.0
FC3_prep_13_0,1.6666666666666667,2.0021023143089345e-06,140.0
FC3_mov_13_0,1.0,2.3534697855954586e-06,104.0
FC3_mov_13_1,1.0,4.269991916228231e-06,192.0
FC3_mov_13_2,1.0,3.1655167668769655e-06,132.0
FC3_rel_13_0,0,0,0
FC3_post_13_0,0.6666666666666666,1.347090697963886e-06,124.0
FC3_post_13_1,0.6666666666666666,3.605959921648559e-06,136.0
FC3_p-post_13_0,0.3993610223642173,3.605959921648559e-06,136.0
FC3_p-pre_14_0,0,0,0
FC3_pre_14_0,1.0,1.2929183962747914e-06,120.0
FC3_prep_14_0,1.6666666666666667,1.9468023891461198e-06,128.0
FC3_mov_14_0,0,0,0
FC3_rel_14_0,1.3333333333333333,2.0357468674550046e-06,112.0
FC3_rel_14_1,1.3333333333333333,1.665192705761117e-06,104.0
FC3_post_14_0,0.6666666666666666,2.5313685143231727e-06,116.0
FC3_post_14_1,0.6666666666666666,3.913733497609041e-06,132.0
FC3_p-post_14_0,0.7987220447284346,2.031772546605983e-06,116.0
FC3_p-post_14_1,0.7987220447284346,2.725867186625974e-06,124.0
FC3_p-pre_15_0,0,0,0
FC3_pre_15_0,0,0,0
FC3_prep_15_0,0,0,0
FC3_mov_15_0,0,0,0
FC3_rel_15_0,0,0,0
FC3_post_15_0,0.3333333333333333,2.4151163625640674e-06,132.0
FC3_p-post_15_0,1.1980830670926517,1.967261627872402e-06,116.0
FC3_p-post_15_1,1.1980830670926517,1.8351230658098433e-06,136.0
FC3_p-post_15_2,1.1980830670926517,1.4884860239438222e-06,116.0
FC3_p-pre_16_0,0,0,0
FC3_pre_16_0,0,0,0
FC3_prep_16_0,0,0,0
FC3_mov_16_0,0,0,0
FC3_rel_16_0,0,0,0
FC3_post_16_0,0.3333333333333333,2.236771433057126e-06,164.0
FC3_p-post_16_0,0.7987220447284346,1.7511318679621641e-06,116.0
FC3_p-post_16_1,0.7987220447284346,2.2195533693694767e-06,104.0
FC3_p-pre_17_0,0,0,0
FC3_pre_17_0,0,0,0
FC3_prep_17_0,0,0,0
FC3_mov_17_0,0.6666666666666666,2.158262509754736e-06,152.0
FC3_mov_17_1,0.6666666666666666,1.4775478145414256e-06,148.0
FC3_rel_17_0,0.6666666666666666,2.2572858681827846e-06,152.0
FC3_post_17_0,0.3333333333333333,2.1913966228074584e-06,112.0
FC3_p-post_17_0,0.3993610223642173,1.6873233969802345e-06,108.0
FC3_p-pre_18_0,0,0,0
FC3_pre_18_0,0,0,0
FC3_prep_18_0,0,0,0
FC3_mov_18_0,0.3333333333333333,2.4757237666345576e-06,104.0
FC3_rel_18_0,0,0,0
FC3_post_18_0,0.3333333333333333,3.9887687036303495e-06,152.0
FC3_p-post_18_0,0.3993610223642173,2.6644372431774957e-06,164.0
FC3_p-pre_19_0,0,0,0
FC3_pre_19_0,0,0,0
FC3_prep_19_0,1.6666666666666667,1.0326773802535597e-06,148.0
FC3_mov_19_0,0.3333333333333333,4.318517711441737e-06,148.0
FC3_rel_19_0,0,0,0
FC3_post_19_0,0,0,0
FC3_p-post_19_0,0.3993610223642173,1.4760233828404077e-06,104.0
FC3_p-pre_20_0,0,0,0
FC3_pre_20_0,1.0,4.375696880034977e-06,128.0
FC3_prep_20_0,0,0,0
FC3_mov_20_0,0,0,0
FC3_rel_20_0,0,0,0
FC3_post_20_0,0.3333333333333333,1.6437083934696784e-06,136.0
FC3_p-post_20_0,0,0,0
FC3_p-pre_21_0,0,0,0
FC3_pre_21_0,1.0,3.565882399733e-06,104.0
FC3_prep_21_0,0,0,0
FC3_mov_21_0,0.3333333333333333,4.434944666328659e-06,164.0
FC3_rel_21_0,0.6666666666666666,4.434944666328659e-06,152.0
FC3_post_21_0,0.3333333333333333,2.47155811697901e-06,172.0
FC3_p-post_21_0,0.3993610223642173,1.7326777889483655e-06,140.0
FC3_p-pre_22_0,0,0,0
FC3_pre_22_0,1.0,1.92188138000825e-06,144.0
FC3_prep_22_0,0,0,0
FC3_mov_22_0,0.3333333333333333,1.4028414074459746e-06,108.0
FC3_rel_22_0,0,0,0
FC3_post_22_0,0.3333333333333333,2.474207404985976e-06,184.0
FC3_p-post_22_0,0.7987220447284346,2.474207404985976e-06,188.0
FC3_p-post_22_1,0.7987220447284346,2.83709286707886e-06,140.0
FC3_p-pre_23_0,0,0,0
FC3_pre_23_0,0,0,0
FC3_prep_23_0,0,0,0
FC3_mov_23_0,0.6666666666666666,2.727532125225507e-06,148.0
FC3_mov_23_1,0.6666666666666666,2.0767098272122742e-06,104.0
FC3_rel_23_0,0.6666666666666666,3.2450992495538628e-06,136.0
FC3_post_23_0,0,0,0
FC3_p-post_23_0,1.1980830670926517,1.3053749320028995e-06,152.0
FC3_p-post_23_1,1.1980830670926517,2.4107731650720967e-06,188.0
FC3_p-post_23_2,1.1980830670926517,1.9624352215703134e-06,120.0
FC3_p-pre_24_0,0,0,0
FC3_pre_24_0,1.0,1.8372501282654575e-06,152.0
FC3_prep_24_0,0,0,0
FC3_mov_24_0,0.3333333333333333,1.015710640513676e-06,116.0
FC3_rel_24_0,1.3333333333333333,1.7345851673582617e-06,108.0
FC3_rel_24_1,1.3333333333333333,1.5068209678604007e-06,112.0
FC3_post_24_0,0.6666666666666666,2.9387460094834778e-06,144.0
FC3_post_24_1,0.6666666666666666,4.6261335214962796e-06,224.0
FC3_p-post_24_0,0.3993610223642173,1.1410316781423406e-06,120.0
FC3_p-pre_25_0,0,0,0
FC3_pre_25_0,1.0,3.4850475817013316e-06,184.0
FC3_prep_25_0,0,0,0
FC3_mov_25_0,0.6666666666666666,1.3193646972355092e-06,128.0
FC3_mov_25_1,0.6666666666666666,1.2503149079653439e-06,232.0
FC3_rel_25_0,0,0,0
FC3_post_25_0,0.6666666666666666,2.763956433784772e-06,128.0
FC3_post_25_1,0.6666666666666666,2.841886249337748e-06,152.0
FC3_p-post_25_0,0.3993610223642173,2.5871237472393038e-06,120.0
FC3_p-pre_26_0,0,0,0
FC3_pre_26_0,0,0,0
FC3_prep_26_0,0,0,0
FC3_mov_26_0,0.6666666666666666,1.92496185114545e-06,136.0
FC3_mov_26_1,0.6666666666666666,8.640506702759683e-07,104.0
FC3_rel_26_0,0.6666666666666666,3.3294357362667386e-06,184.0
FC3_post_26_0,0.3333333333333333,2.5509096299145268e-06,136.0
FC3_p-post_26_0,0,0,0
FC3_p-pre_27_0,0,0,0
FC3_pre_27_0,0,0,0
FC3_prep_27_0,0,0,0
FC3_mov_27_0,0.6666666666666666,1.2463946586037208e-06,136.0
FC3_mov_27_1,0.6666666666666666,2.0170978829512314e-06,132.0
FC3_rel_27_0,1.3333333333333333,2.0170978829512314e-06,124.0
FC3_rel_27_1,1.3333333333333333,2.9936431857147517e-06,124.0
FC3_post_27_0,0.3333333333333333,2.1315474754875376e-06,188.0
FC3_p-post_27_0,0.3993610223642173,2.131170871725488e-06,156.0
C5_p-pre_1_0,0,0,0
C5_pre_1_0,0,0,0
C5_prep_1_0,0,0,0
C5_mov_1_0,0.3333333333333333,2.1328145162476554e-06,136.0
C5_rel_1_0,0,0,0
C5_post_1_0,0.3333333333333333,1.4797525274452268e-06,128.0
C5_p-post_1_0,0.3993610223642173,1.8205449083206797e-06,156.0
C5_p-pre_2_0,2.5,2.1096009016325463e-06,172.0
C5_pre_2_0,2.0,2.1096009016325463e-06,104.0
C5_pre_2_1,2.0,2.3025450886802747e-06,284.0
C5_prep_2_0,1.6666666666666667,2.3025450886802747e-06,284.0
C5_mov_2_0,0.3333333333333333,2.0250019679267063e-06,108.0
C5_rel_2_0,0,0,0
C5_post_2_0,0.6666666666666666,2.2210480754394657e-06,116.0
C5_post_2_1,0.6666666666666666,3.289071687785572e-06,124.0
C5_p-post_2_0,0.7987220447284346,2.221209272180881e-06,132.0
C5_p-post_2_1,0.7987220447284346,2.086467381908498e-06,116.0
C5_p-pre_3_0,0,0,0
C5_pre_3_0,0,0,0
C5_prep_3_0,0,0,0
C5_mov_3_0,0.6666666666666666,2.0451734450810437e-06,124.0
C5_mov_3_1,0.6666666666666666,3.0227645457879394e-06,104.0
C5_rel_3_0,0.6666666666666666,2.209762600684564e-06,112.0
C5_post_3_0,1.0,1.149734128646612e-06,128.0
C5_post_3_1,1.0,1.3595070400209098e-06,168.0
C5_post_3_2,1.0,1.4309376363327847e-06,132.0
C5_p-post_3_0,0.3993610223642173,2.5104721210709135e-06,116.0
C5_p-pre_4_0,0,0,0
C5_pre_4_0,0,0,0
C5_prep_4_0,1.6666666666666667,2.5360417065655942e-06,116.0
C5_mov_4_0,0.6666666666666666,2.8489474822581486e-06,104.0
C5_mov_4_1,0.6666666666666666,1.670069765711011e-06,148.0
C5_rel_4_0,0.6666666666666666,1.670069765711011e-06,144.0
C5_post_4_0,0.3333333333333333,3.108827728347755e-06,108.0
C5_p-post_4_0,0.3993610223642173,2.130343022566168e-06,132.0
C5_p-pre_5_0,0,0,0
C5_pre_5_0,0,0,0
C5_prep_5_0,0,0,0
C5_mov_5_0,0.3333333333333333,3.767410144600039e-06,120.0
C5_rel_5_0,0.6666666666666666,3.767410144600039e-06,116.0
C5_post_5_0,0.6666666666666666,1.3917732188824938e-06,168.0
C5_post_5_1,0.6666666666666666,1.260008461479959e-06,108.0
C5_p-post_5_0,0,0,0
C5_p-pre_6_0,2.5,2.6156844007042223e-06,108.0
C5_pre_6_0,0,0,0
C5_prep_6_0,0,0,0
C5_mov_6_0,0.3333333333333333,2.5823467546454533e-06,120.0
C5_rel_6_0,0,0,0
C5_post_6_0,0.6666666666666666,2.4433363018184717e-06,120.0
C5_post_6_1,0.6666666666666666,1.5600025231617795e-06,140.0
C5_p-post_6_0,0,0,0
C5_p-pre_7_0,0,0,0
C5_pre_7_0,0,0,0
C5_prep_7_0,0,0,0
C5_mov_7_0,0,0,0
C5_rel_7_0,0,0,0
C5_post_7_0,0,0,0
C5_p-post_7_0,0.3993610223642173,2.878094690340118e-06,144.0
C5_p-pre_8_0,0,0,0
C5_pre_8_0,0,0,0
C5_prep_8_0,0,0,0
C5_mov_8_0,0.3333333333333333,2.643419315015342e-06,236.0
C5_rel_8_0,0,0,0
C5_post_8_0,0.3333333333333333,2.610963897989759e-06,200.0
C5_p-post_8_0,0,0,0
C5_p-pre_9_0,0,0,0
C5_pre_9_0,0,0,0
C5_prep_9_0,0,0,0
C5_mov_9_0,0.6666666666666666,2.7137926481438484e-06,124.0
C5_mov_9_1,0.6666666666666666,2.8920399314526838e-06,140.0
C5_rel_9_0,0,0,0
C5_post_9_0,0.6666666666666666,2.990715002328932e-06,364.0
C5_post_9_1,0.6666666666666666,1.5902261044562715e-06,176.0
C5_p-post_9_0,0.3993610223642173,3.0234746015878163e-06,192.0
C5_p-pre_10_0,2.5,3.7244667601073294e-06,144.0
C5_pre_10_0,2.0,3.7244667601073294e-06,104.0
C5_pre_10_1,2.0,3.144878747512202e-06,128.0
C5_prep_10_0,0,0,0
C5_mov_10_0,0.3333333333333333,2.645528863339908e-06,124.0
C5_rel_10_0,0,0,0
C5_post_10_0,0,0,0
C5_p-post_10_0,0,0,0
C5_p-pre_11_0,0,0,0
C5_pre_11_0,1.0,1.873342518366223e-06,112.0
C5_prep_11_0,0,0,0
C5_mov_11_0,0.6666666666666666,1.6103225089676585e-06,144.0
C5_mov_11_1,0.6666666666666666,1.269121305811029e-06,140.0
C5_rel_11_0,0.6666666666666666,1.5469198985009128e-06,112.0
C5_post_11_0,0,0,0
C5_p-post_11_0,0.3993610223642173,1.826140928612744e-06,124.0
C5_p-pre_12_0,0,0,0
C5_pre_12_0,0,0,0
C5_prep_12_0,0,0,0
C5_mov_12_0,0.6666666666666666,2.7976230624522865e-06,144.0
C5_mov_12_1,0.6666666666666666,1.3335791348802785e-06,112.0
C5_rel_12_0,0,0,0
C5_post_12_0,0.3333333333333333,1.0888776890448817e-06,132.0
C5_p-post_12_0,0,0,0
C5_p-pre_13_0,0,0,0
C5_pre_13_0,1.0,1.6703441827468775e-06,104.0
C5_prep_13_0,1.6666666666666667,1.7398302712759892e-06,120.0
C5_mov_13_0,0.3333333333333333,2.5804485659847527e-06,120.0
C5_rel_13_0,0,0,0
C5_post_13_0,0,0,0
C5_p-post_13_0,0.7987220447284346,1.387837183416898e-06,128.0
C5_p-post_13_1,0.7987220447284346,1.082555608770859e-06,104.0
C5_p-pre_14_0,0,0,0
C5_pre_14_0,0,0,0
C5_prep_14_0,0,0,0
C5_mov_14_0,0.6666666666666666,1.7990529563536486e-06,108.0
C5_mov_14_1,0.6666666666666666,2.359000019975768e-06,108.0
C5_rel_14_0,0.6666666666666666,2.359000019975768e-06,120.0
C5_post_14_0,0,0,0
C5_p-post_14_0,0.3993610223642173,1.568141455970164e-06,212.0
C5_p-pre_15_0,0,0,0
C5_pre_15_0,0,0,0
C5_prep_15_0,0,0,0
C5_mov_15_0,0.3333333333333333,1.6868841573665106e-06,140.0
C5_rel_15_0,0.6666666666666666,1.4955561787495253e-06,104.0
C5_post_15_0,0,0,0
C5_p-post_15_0,0.3993610223642173,1.942341071001758e-06,104.0
C5_p-pre_16_0,0,0,0
C5_pre_16_0,1.0,1.103759392669906e-06,116.0
C5_prep_16_0,0,0,0
C5_mov_16_0,0.3333333333333333,2.0628777332801424e-06,120.0
C5_rel_16_0,0,0,0
C5_post_16_0,0,0,0
C5_p-post_16_0,0.7987220447284346,6.382810897576216e-07,104.0
C5_p-post_16_1,0.7987220447284346,1.213063330553416e-06,104.0
C5_p-pre_17_0,0,0,0
C5_pre_17_0,0,0,0
C5_prep_17_0,0,0,0
C5_mov_17_0,0.3333333333333333,3.6044348462864383e-06,200.0
C5_rel_17_0,0,0,0
C5_post_17_0,0.3333333333333333,1.7131003016917475e-06,120.0
C5_p-post_17_0,0,0,0
C5_p-pre_18_0,0,0,0
C5_pre_18_0,0,0,0
C5_prep_18_0,0,0,0
C5_mov_18_0,0.3333333333333333,1.3940259588441656e-06,148.0
C5_rel_18_0,0,0,0
C5_post_18_0,0.3333333333333333,1.8591984673519157e-06,128.0
C5_p-post_18_0,0.3993610223642173,1.3580926324978022e-06,164.0
C5_p-pre_19_0,2.5,1.949150356898479e-06,160.0
C5_pre_19_0,0,0,0
C5_prep_19_0,0,0,0
C5_mov_19_0,0.3333333333333333,3.6918374253584386e-06,104.0
C5_rel_19_0,0.6666666666666666,3.6918374253584386e-06,112.0
C5_post_19_0,0.6666666666666666,2.5866371400531865e-06,224.0
C5_post_19_1,0.6666666666666666,2.321065033179122e-06,132.0
C5_p-post_19_0,1.1980830670926517,1.301697221698782e-06,104.0
C5_p-post_19_1,1.1980830670926517,3.5946512226711863e-06,108.0
C5_p-post_19_2,1.1980830670926517,2.053520424843484e-06,180.0
C5_p-pre_20_0,0,0,0
C5_pre_20_0,0,0,0
C5_prep_20_0,0,0,0
C5_mov_20_0,0,0,0
C5_rel_20_0,0.6666666666666666,1.6739547470937886e-06,108.0
C5_post_20_0,0.3333333333333333,1.7481452402441274e-06,112.0
C5_p-post_20_0,0.7987220447284346,1.7481452402441274e-06,116.0
C5_p-post_20_1,0.7987220447284346,2.808730497680048e-06,164.0
C5_p-pre_21_0,0,0,0
C5_pre_21_0,0,0,0
C5_prep_21_0,0,0,0
C5_mov_21_0,0.3333333333333333,1.423590622996488e-06,112.0
C5_rel_21_0,0,0,0
C5_post_21_0,0.3333333333333333,1.7240238878720948e-06,124.0
C5_p-post_21_0,0,0,0
C5_p-pre_22_0,2.5,1.63793947847232e-06,144.0
C5_pre_22_0,0,0,0
C5_prep_22_0,1.6666666666666667,2.7477792392678623e-06,152.0
C5_mov_22_0,0.6666666666666666,1.1543620971978846e-06,120.0
C5_mov_22_1,0.6666666666666666,2.0062481906090286e-06,104.0
C5_rel_22_0,0,0,0
C5_post_22_0,0.6666666666666666,3.26394051314034e-06,108.0
C5_post_22_1,0.6666666666666666,2.280000025370782e-06,136.0
C5_p-post_22_0,0.7987220447284346,2.280000025370782e-06,140.0
C5_p-post_22_1,0.7987220447284346,1.8696199424618201e-06,132.0
C5_p-pre_23_0,2.5,3.7642854878386974e-06,220.0
C5_pre_23_0,1.0,3.7642854878386974e-06,160.0
C5_prep_23_0,0,0,0
C5_mov_23_0,0,0,0
C5_rel_23_0,0,0,0
C5_post_23_0,0.3333333333333333,1.519627142904355e-06,124.0
C5_p-post_23_0,0.7987220447284346,3.022110232281542e-06,268.0
C5_p-post_23_1,0.7987220447284346,2.1775821692706835e-06,104.0
C5_p-pre_24_0,2.5,8.931045596242479e-07,104.0
C5_pre_24_0,0,0,0
C5_prep_24_0,0,0,0
C5_mov_24_0,0.6666666666666666,1.4870852047029849e-06,128.0
C5_mov_24_1,0.6666666666666666,1.2634972532091696e-06,144.0
C5_rel_24_0,0,0,0
C5_post_24_0,0.3333333333333333,2.6439884952190883e-06,124.0
C5_p-post_24_0,0.7987220447284346,1.3831602918917798e-06,128.0
C5_p-post_24_1,0.7987220447284346,2.3644072833247398e-06,128.0
C5_p-pre_25_0,0,0,0
C5_pre_25_0,0,0,0
C5_prep_25_0,1.6666666666666667,1.1565020332611647e-06,104.0
C5_mov_25_0,0.6666666666666666,1.887670339114539e-06,160.0
C5_mov_25_1,0.6666666666666666,1.030869312785566e-06,104.0
C5_rel_25_0,0.6666666666666666,1.7505622090761244e-06,140.0
C5_post_25_0,0.3333333333333333,1.7937487820489793e-06,192.0
C5_p-post_25_0,0.7987220447284346,2.367656299860914e-06,184.0
C5_p-post_25_1,0.7987220447284346,1.4248925128691126e-06,148.0
C5_p-pre_26_0,0,0,0
C5_pre_26_0,0,0,0
C5_prep_26_0,0,0,0
C5_mov_26_0,0.3333333333333333,1.3413937280379667e-06,104.0
C5_rel_26_0,0.6666666666666666,1.7323229202097508e-06,120.0
C5_post_26_0,0.6666666666666666,2.564241549054061e-06,160.0
C5_post_26_1,0.6666666666666666,2.827115508464579e-06,108.0
C5_p-post_26_0,0.3993610223642173,1.8620277409194284e-06,104.0
C5_p-pre_27_0,0,0,0
C5_pre_27_0,1.0,2.1753662726575784e-06,112.0
C5_prep_27_0,3.3333333333333335,1.4395993621947561e-06,108.0
C5_prep_27_1,3.3333333333333335,1.3010502581780712e-06,124.0
C5_mov_27_0,0.3333333333333333,8.29791851630114e-07,112.0
C5_rel_27_0,0.6666666666666666,2.9155022464787716e-06,108.0
C5_post_27_0,0,0,0
C5_p-post_27_0,0.3993610223642173,2.0119808189298982e-06,148.0
C1_p-pre_1_0,0,0,0
C1_pre_1_0,1.0,1.987841898725788e-06,128.0
C1_prep_1_0,1.6666666666666667,1.987841898725788e-06,128.0
C1_mov_1_0,0,0,0
C1_rel_1_0,0.6666666666666666,7.807642833015822e-07,120.0
C1_post_1_0,0.3333333333333333,2.5624302984214406e-06,124.0
C1_p-post_1_0,0,0,0
C1_p-pre_2_0,0,0,0
C1_pre_2_0,1.0,2.220946406974959e-06,116.0
C1_prep_2_0,0,0,0
C1_mov_2_0,0,0,0
C1_rel_2_0,0,0,0
C1_post_2_0,0.3333333333333333,3.786863895609035e-06,336.0
C1_p-post_2_0,0.3993610223642173,3.1599030343259275e-06,104.0
C1_p-pre_3_0,0,0,0
C1_pre_3_0,0,0,0
C1_prep_3_0,0,0,0
C1_mov_3_0,0.6666666666666666,1.332174710544566e-06,104.0
C1_mov_3_1,0.6666666666666666,1.3708089300214317e-06,140.0
C1_rel_3_0,0,0,0
C1_post_3_0,0.3333333333333333,2.8748214159962347e-06,104.0
C1_p-post_3_0,0.3993610223642173,1.3300708444679373e-06,108.0
C1_p-pre_4_0,0,0,0
C1_pre_4_0,0,0,0
C1_prep_4_0,0,0,0
C1_mov_4_0,0,0,0
C1_rel_4_0,0,0,0
C1_post_4_0,0,0,0
C1_p-post_4_0,0,0,0
C1_p-pre_5_0,0,0,0
C1_pre_5_0,0,0,0
C1_prep_5_0,1.6666666666666667,1.8739909653924377e-06,164.0
C1_mov_5_0,0.3333333333333333,1.9264607182640914e-06,136.0
C1_rel_5_0,0,0,0
C1_post_5_0,0.3333333333333333,2.451133751539097e-06,160.0
C1_p-post_5_0,0.3993610223642173,2.0662825181885334e-06,204.0
C1_p-pre_6_0,0,0,0
C1_pre_6_0,0,0,0
C1_prep_6_0,0,0,0
C1_mov_6_0,0.6666666666666666,1.2551976971972986e-06,164.0
C1_mov_6_1,0.6666666666666666,1.8369236840419881e-06,180.0
C1_rel_6_0,0,0,0
C1_post_6_0,0.3333333333333333,1.4880534079215226e-06,144.0
C1_p-post_6_0,0.3993610223642173,3.1750251325026016e-06,180.0
C1_p-pre_7_0,0,0,0
C1_pre_7_0,1.0,1.0983658365573618e-06,144.0
C1_prep_7_0,0,0,0
C1_mov_7_0,0.3333333333333333,1.717983286591367e-06,128.0
C1_rel_7_0,1.3333333333333333,1.270843367984256e-06,112.0
C1_rel_7_1,1.3333333333333333,1.6644450216946755e-06,120.0
C1_post_7_0,0.3333333333333333,2.3687919981236855e-06,148.0
C1_p-post_7_0,0,0,0
C1_p-pre_8_0,0,0,0
C1_pre_8_0,0,0,0
C1_prep_8_0,0,0,0
C1_mov_8_0,0,0,0
C1_rel_8_0,0.6666666666666666,2.5125717220847787e-06,160.0
C1_post_8_0,0.6666666666666666,9.245047291729251e-07,152.0
C1_post_8_1,0.6666666666666666,1.038865346424313e-06,104.0
C1_p-post_8_0,0,0,0
C1_p-pre_9_0,0,0,0
C1_pre_9_0,0,0,0
C1_prep_9_0,0,0,0
C1_mov_9_0,1.0,2.3274821747181413e-06,116.0
C1_mov_9_1,1.0,1.4122081171795825e-06,116.0
C1_mov_9_2,1.0,1.5256811129849997e-06,152.0
C1_rel_9_0,0.6666666666666666,2.2661588821446873e-06,156.0
C1_post_9_0,0.3333333333333333,2.440489431737425e-06,116.0
C1_p-post_9_0,0.7987220447284346,3.635449658429354e-06,120.0
C1_p-post_9_1,0.7987220447284346,2.9036748448989146e-06,104.0
C1_p-pre_10_0,0,0,0
C1_pre_10_0,0,0,0
C1_prep_10_0,1.6666666666666667,1.8468783057878785e-06,124.0
C1_mov_10_0,0,0,0
C1_rel_10_0,0,0,0
C1_post_10_0,0.3333333333333333,1.6958575898597687e-06,108.0
C1_p-post_10_0,0,0,0
C1_p-pre_11_0,0,0,0
C1_pre_11_0,1.0,2.0893990608416003e-06,124.0
C1_prep_11_0,0,0,0
C1_mov_11_0,0,0,0
C1_rel_11_0,0,0,0
C1_post_11_0,0,0,0
C1_p-post_11_0,0.3993610223642173,2.2346721480748406e-06,108.0
C1_p-pre_12_0,0,0,0
C1_pre_12_0,0,0,0
C1_prep_12_0,0,0,0
C1_mov_12_0,0,0,0
C1_rel_12_0,0.6666666666666666,9.555266834800128e-07,120.0
C1_post_12_0,0,0,0
C1_p-post_12_0,0.3993610223642173,2.526567058474488e-06,120.0
C1_p-pre_13_0,0,0,0
C1_pre_13_0,1.0,3.2846503588976184e-06,120.0
C1_prep_13_0,1.6666666666666667,2.3385335729766493e-06,132.0
C1_mov_13_0,1.0,2.9515278588446203e-06,156.0
C1_mov_13_1,1.0,1.1814262697065522e-06,108.0
C1_mov_13_2,1.0,1.9713697036908047e-06,136.0
C1_rel_13_0,0,0,0
C1_post_13_0,0.3333333333333333,1.7440405078571364e-06,120.0
C1_p-post_13_0,1.1980830670926517,2.0170524890363255e-06,104.0
C1_p-post_13_1,1.1980830670926517,1.7207612690123407e-06,128.0
C1_p-post_13_2,1.1980830670926517,2.0007990629186095e-06,136.0
C1_p-pre_14_0,0,0,0
C1_pre_14_0,1.0,2.5463420000945072e-06,116.0
C1_prep_14_0,1.6666666666666667,2.5463420000945072e-06,288.0
C1_mov_14_0,0.3333333333333333,1.7380233912139228e-06,132.0
C1_rel_14_0,0.6666666666666666,1.2154351936762706e-06,128.0
C1_post_14_0,0.3333333333333333,1.9123005370158285e-06,124.0
C1_p-post_14_0,1.1980830670926517,1.7219675007582957e-06,112.0
C1_p-post_14_1,1.1980830670926517,2.504309954003711e-06,104.0
C1_p-post_14_2,1.1980830670926517,2.950140492790822e-06,148.0
C1_p-pre_15_0,0,0,0
C1_pre_15_0,0,0,0
C1_prep_15_0,0,0,0
C1_mov_15_0,0.3333333333333333,1.2204741927080094e-06,124.0
C1_rel_15_0,0.6666666666666666,1.8267712241742982e-06,144.0
C1_post_15_0,1.0,1.4483924630593826e-06,116.0
C1_post_15_1,1.0,2.785080954603921e-06,136.0
C1_post_15_2,1.0,2.7309916802383916e-06,104.0
C1_p-post_15_0,0.7987220447284346,2.0177379697270094e-06,112.0
C1_p-post_15_1,0.7987220447284346,1.6690425627317611e-06,112.0
C1_p-pre_16_0,0,0,0
C1_pre_16_0,1.0,2.3245489887922737e-06,132.0
C1_prep_16_0,1.6666666666666667,1.0634929455869644e-06,112.0
C1_mov_16_0,0.3333333333333333,9.27940786988771e-07,120.0
C1_rel_16_0,0,0,0
C1_post_16_0,0.6666666666666666,7.420278996977865e-07,120.0
C1_post_16_1,0.6666666666666666,2.0074760261892995e-06,120.0
C1_p-post_16_0,0,0,0
C1_p-pre_17_0,2.5,2.185465874876688e-06,112.0
C1_pre_17_0,1.0,2.185465874876688e-06,128.0
C1_prep_17_0,0,0,0
C1_mov_17_0,0.6666666666666666,1.8368595706040709e-06,116.0
C1_mov_17_1,0.6666666666666666,8.195061100865711e-07,172.0
C1_rel_17_0,0,0,0
C1_post_17_0,1.0,2.4301625506831405e-06,128.0
C1_post_17_1,1.0,1.1164866028135139e-06,128.0
C1_post_17_2,1.0,2.553629126022922e-06,136.0
C1_p-post_17_0,0.7987220447284346,2.057736513450388e-06,116.0
C1_p-post_17_1,0.7987220447284346,2.2609783334011414e-06,140.0
C1_p-pre_18_0,0,0,0
C1_pre_18_0,0,0,0
C1_prep_18_0,1.6666666666666667,2.6656817972294312e-06,148.0
C1_mov_18_0,1.0,2.6656817972294312e-06,244.0
C1_mov_18_1,1.0,2.463149064108123e-06,128.0
C1_mov_18_2,1.0,1.11119865363043e-06,116.0
C1_rel_18_0,0.6666666666666666,2.424317140445995e-06,208.0
C1_post_18_0,0.6666666666666666,1.6319985652896484e-06,164.0
C1_post_18_1,0.6666666666666666,1.9057739993859216e-06,144.0
C1_p-post_18_0,0.7987220447284346,2.668344572475546e-06,140.0
C1_p-post_18_1,0.7987220447284346,1.548247481517681e-06,136.0
C1_p-pre_19_0,0,0,0
C1_pre_19_0,2.0,1.8259626992443977e-06,104.0
C1_pre_19_1,2.0,1.460713110832481e-06,112.0
C1_prep_19_0,1.6666666666666667,1.460713110832481e-06,144.0
C1_mov_19_0,0.6666666666666666,2.787961631910555e-06,132.0
C1_mov_19_1,0.6666666666666666,2.193531030567121e-06,140.0
C1_rel_19_0,0.6666666666666666,2.4873673426430035e-06,232.0
C1_post_19_0,0.3333333333333333,2.0168734528727865e-06,108.0
C1_p-post_19_0,0.7987220447284346,2.3571973615429576e-06,108.0
C1_p-post_19_1,0.7987220447284346,1.6398392607781843e-06,188.0
C1_p-pre_20_0,0,0,0
C1_pre_20_0,2.0,3.4057625446994097e-06,148.0
C1_pre_20_1,2.0,3.571029875536373e-06,104.0
C1_prep_20_0,1.6666666666666667,1.881656022398494e-06,140.0
C1_mov_20_0,0.3333333333333333,1.2633120789284127e-06,176.0
C1_rel_20_0,0.6666666666666666,1.2633120789284127e-06,176.0
C1_post_20_0,0.6666666666666666,2.333113410818808e-06,156.0
C1_post_20_1,0.6666666666666666,2.525881159027315e-06,112.0
C1_p-post_20_0,0,0,0
C1_p-pre_21_0,0,0,0
C1_pre_21_0,0,0,0
C1_prep_21_0,0,0,0
C1_mov_21_0,0.3333333333333333,2.17615262347323e-06,116.0
C1_rel_21_0,0.6666666666666666,1.4267532043432426e-06,136.0
C1_post_21_0,1.3333333333333333,1.6080977383877392e-06,124.0
C1_post_21_1,1.3333333333333333,1.0912170991839759e-06,116.0
C1_post_21_2,1.3333333333333333,7.98944676035908e-07,120.0
C1_post_21_3,1.3333333333333333,1.452095786096031e-06,112.0
C1_p-post_21_0,0.7987220447284346,2.297203647894995e-06,160.0
C1_p-post_21_1,0.7987220447284346,2.9449966322478743e-06,120.0
C1_p-pre_22_0,0,0,0
C1_pre_22_0,1.0,1.7790359372395596e-06,116.0
C1_prep_22_0,1.6666666666666667,1.6295435230527266e-06,120.0
C1_mov_22_0,0.3333333333333333,1.2854007498765733e-06,136.0
C1_rel_22_0,0,0,0
C1_post_22_0,0.3333333333333333,2.010053774514322e-06,104.0
C1_p-post_22_0,0,0,0
C1_p-pre_23_0,0,0,0
C1_pre_23_0,0,0,0
C1_prep_23_0,0,0,0
C1_mov_23_0,0.3333333333333333,8.537751076171069e-07,128.0
C1_rel_23_0,0,0,0
C1_post_23_0,0.6666666666666666,1.5095645981223177e-06,172.0
C1_post_23_1,0.6666666666666666,3.455253949434065e-06,220.0
C1_p-post_23_0,0.7987220447284346,1.2200833513755732e-06,152.0
C1_p-post_23_1,0.7987220447284346,1.4500632937063446e-06,148.0
C1_p-pre_24_0,2.5,9.219114408008313e-07,112.0
C1_pre_24_0,1.0,2.0954832898592492e-06,148.0
C1_prep_24_0,1.6666666666666667,1.4308667238600838e-06,128.0
C1_mov_24_0,0.3333333333333333,1.5672635165159068e-06,144.0
C1_rel_24_0,0.6666666666666666,9.995841472279678e-07,168.0
C1_post_24_0,0.3333333333333333,3.7129738374975155e-06,340.0
C1_p-post_24_0,0.3993610223642173,1.6629114028564008e-06,148.0
C1_p-pre_25_0,0,0,0
C1_pre_25_0,0,0,0
C1_prep_25_0,1.6666666666666667,1.590903178632318e-06,152.0
C1_mov_25_0,0.3333333333333333,1.590903178632318e-06,164.0
C1_rel_25_0,0.6666666666666666,1.9961502143034225e-06,180.0
C1_post_25_0,0.6666666666666666,3.736507016611726e-06,164.0
C1_post_25_1,0.6666666666666666,2.145252663845291e-06,152.0
C1_p-post_25_0,0.7987220447284346,1.8755166192136724e-06,124.0
C1_p-post_25_1,0.7987220447284346,1.908195627297201e-06,144.0
C1_p-pre_26_0,0,0,0
C1_pre_26_0,1.0,2.487604597513126e-06,108.0
C1_prep_26_0,0,0,0
C1_mov_26_0,0.3333333333333333,2.3860516927901577e-06,128.0
C1_rel_26_0,2.0,8.72486544389653e-07,116.0
C1_rel_26_1,2.0,1.7381063482152068e-06,108.0
C1_rel_26_2,2.0,9.571951520072516e-07,136.0
C1_post_26_0,0.6666666666666666,1.3949003512820716e-06,120.0
C1_post_26_1,0.6666666666666666,1.8581686188215886e-06,116.0
C1_p-post_26_0,0.7987220447284346,3.2813991995345784e-06,128.0
C1_p-post_26_1,0.7987220447284346,9.085589866674717e-07,104.0
C1_p-pre_27_0,0,0,0
C1_pre_27_0,0,0,0
C1_prep_27_0,0,0,0
C1_mov_27_0,0.3333333333333333,1.5381389260462614e-06,144.0
C1_rel_27_0,1.3333333333333333,1.5381389260462614e-06,148.0
C1_rel_27_1,1.3333333333333333,1.5825333600585761e-06,104.0
C1_post_27_0,0.6666666666666666,3.5092613856638185e-06,124.0
C1_post_27_1,0.6666666666666666,1.8473151424204491e-06,140.0
C1_p-post_27_0,1.1980830670926517,1.8428287296076548e-06,108.0
C1_p-post_27_1,1.1980830670926517,1.267926252508891e-06,124.0
C1_p-post_27_2,1.1980830670926517,1.2213483386165124e-06,148.0
CP3_p-pre_1_0,0,0,0
CP3_pre_1_0,0,0,0
CP3_prep_1_0,0,0,0
CP3_mov_1_0,0.6666666666666666,1.1794194075280862e-06,120.0
CP3_mov_1_1,0.6666666666666666,1.3515489883853826e-06,136.0
CP3_rel_1_0,0,0,0
CP3_post_1_0,0,0,0
CP3_p-post_1_0,0.3993610223642173,2.8477250606342453e-06,196.0
CP3_p-pre_2_0,0,0,0
CP3_pre_2_0,0,0,0
CP3_prep_2_0,0,0,0
CP3_mov_2_0,0.6666666666666666,2.0545592014411266e-06,112.0
CP3_mov_2_1,0.6666666666666666,1.5833160722849624e-06,116.0
CP3_rel_2_0,0,0,0
CP3_post_2_0,0.6666666666666666,1.5935710268086524e-06,104.0
CP3_post_2_1,0.6666666666666666,1.6312179210892979e-06,132.0
CP3_p-post_2_0,0,0,0
CP3_p-pre_3_0,0,0,0
CP3_pre_3_0,0,0,0
CP3_prep_3_0,0,0,0
CP3_mov_3_0,0.6666666666666666,3.3453886604157866e-06,140.0
CP3_mov_3_1,0.6666666666666666,1.0728152033940032e-06,112.0
CP3_rel_3_0,0,0,0
CP3_post_3_0,0.6666666666666666,2.0541146163431314e-06,136.0
CP3_post_3_1,0.6666666666666666,1.4607558506535545e-06,112.0
CP3_p-post_3_0,0.3993610223642173,3.272993977711098e-06,152.0
CP3_p-pre_4_0,0,0,0
CP3_pre_4_0,0,0,0
CP3_prep_4_0,0,0,0
CP3_mov_4_0,0.3333333333333333,1.10902569542013e-06,112.0
CP3_rel_4_0,0.6666666666666666,1.5893664885733881e-06,116.0
CP3_post_4_0,0,0,0
CP3_p-post_4_0,0.3993610223642173,1.7315040496473162e-06,172.0
CP3_p-pre_5_0,0,0,0
CP3_pre_5_0,0,0,0
CP3_prep_5_0,1.6666666666666667,2.5284152613387933e-06,316.0
CP3_mov_5_0,0.3333333333333333,1.9198538727871494e-06,156.0
CP3_rel_5_0,0.6666666666666666,7.274535554830155e-07,108.0
CP3_post_5_0,0,0,0
CP3_p-post_5_0,0,0,0
CP3_p-pre_6_0,0,0,0
CP3_pre_6_0,0,0,0
CP3_prep_6_0,0,0,0
CP3_mov_6_0,0,0,0
CP3_rel_6_0,0.6666666666666666,1.307489506594383e-06,140.0
CP3_post_6_0,0.3333333333333333,2.2582726770448757e-06,156.0
CP3_p-post_6_0,0,0,0
CP3_p-pre_7_0,0,0,0
CP3_pre_7_0,0,0,0
CP3_prep_7_0,0,0,0
CP3_mov_7_0,0.3333333333333333,9.680020880297307e-07,120.0
CP3_rel_7_0,0,0,0
CP3_post_7_0,0,0,0
CP3_p-post_7_0,0.3993610223642173,1.284633734499138e-06,196.0
CP3_p-pre_8_0,2.5,1.5459446380623616e-06,192.0
CP3_pre_8_0,1.0,1.7241117214119039e-06,164.0
CP3_prep_8_0,0,0,0
CP3_mov_8_0,0.3333333333333333,1.1558155962506231e-06,132.0
CP3_rel_8_0,0,0,0
CP3_post_8_0,0,0,0
CP3_p-post_8_0,0.3993610223642173,2.043508607582152e-06,112.0
CP3_p-pre_9_0,0,0,0
CP3_pre_9_0,0,0,0
CP3_prep_9_0,1.6666666666666667,2.0530564588645946e-06,136.0
CP3_mov_9_0,1.0,2.0530564588645946e-06,140.0
CP3_mov_9_1,1.0,1.3187192840225368e-06,140.0
CP3_mov_9_2,1.0,2.2841347479642765e-06,164.0
CP3_rel_9_0,0,0,0
CP3_post_9_0,0.3333333333333333,8.814989853375877e-07,120.0
CP3_p-post_9_0,0.3993610223642173,2.526628865531301e-06,116.0
CP3_p-pre_10_0,0,0,0
CP3_pre_10_0,1.0,1.189034225323043e-06,116.0
CP3_prep_10_0,0,0,0
CP3_mov_10_0,0.3333333333333333,1.019124922817458e-06,176.0
CP3_rel_10_0,0,0,0
CP3_post_10_0,0.6666666666666666,2.0709955113272004e-06,116.0
CP3_post_10_1,0.6666666666666666,1.5438810096480793e-06,104.0
CP3_p-post_10_0,0,0,0
CP3_p-pre_11_0,0,0,0
CP3_pre_11_0,0,0,0
CP3_prep_11_0,0,0,0
CP3_mov_11_0,0,0,0
CP3_rel_11_0,0,0,0
CP3_post_11_0,0.6666666666666666,2.136922602854243e-06,112.0
CP3_post_11_1,0.6666666666666666,1.1312998737579051e-06,152.0
CP3_p-post_11_0,0.3993610223642173,1.3173532808995952e-06,124.0
CP3_p-pre_12_0,0,0,0
CP3_pre_12_0,0,0,0
CP3_prep_12_0,0,0,0
CP3_mov_12_0,0,0,0
CP3_rel_12_0,0.6666666666666666,2.228821167085286e-06,136.0
CP3_post_12_0,0.3333333333333333,1.9067066460677091e-06,136.0
CP3_p-post_12_0,0.3993610223642173,1.2535681476610096e-06,164.0
CP3_p-pre_13_0,0,0,0
CP3_pre_13_0,1.0,1.4008808408662699e-06,104.0
CP3_prep_13_0,1.6666666666666667,8.939188440674537e-07,124.0
CP3_mov_13_0,0.3333333333333333,1.9208650709116737e-06,176.0
CP3_rel_13_0,0,0,0
CP3_post_13_0,0.3333333333333333,2.1694711850859875e-06,132.0
CP3_p-post_13_0,0.3993610223642173,1.491943432199901e-06,148.0
CP3_p-pre_14_0,0,0,0
CP3_pre_14_0,1.0,1.6690977440505244e-06,192.0
CP3_prep_14_0,0,0,0
CP3_mov_14_0,0,0,0
CP3_rel_14_0,0,0,0
CP3_post_14_0,0,0,0
CP3_p-post_14_0,0.3993610223642173,4.272335360009777e-07,160.0
CP3_p-pre_15_0,0,0,0
CP3_pre_15_0,1.0,1.8039439938355294e-06,124.0
CP3_prep_15_0,0,0,0
CP3_mov_15_0,0,0,0
CP3_rel_15_0,0,0,0
CP3_post_15_0,0.3333333333333333,2.102879689264293e-06,116.0
CP3_p-post_15_0,0,0,0
CP3_p-pre_16_0,0,0,0
CP3_pre_16_0,0,0,0
CP3_prep_16_0,1.6666666666666667,7.018108588335749e-07,112.0
CP3_mov_16_0,0.3333333333333333,2.3138441313413393e-06,172.0
CP3_rel_16_0,0,0,0
CP3_post_16_0,0.3333333333333333,1.6881968954425976e-06,164.0
CP3_p-post_16_0,0,0,0
CP3_p-pre_17_0,0,0,0
CP3_pre_17_0,0,0,0
CP3_prep_17_0,0,0,0
CP3_mov_17_0,0.3333333333333333,7.070490103414547e-07,156.0
CP3_rel_17_0,0.6666666666666666,1.6643483023115135e-06,120.0
CP3_post_17_0,0,0,0
CP3_p-post_17_0,0.3993610223642173,2.6385550656160017e-06,312.0
CP3_p-pre_18_0,0,0,0
CP3_pre_18_0,0,0,0
CP3_prep_18_0,0,0,0
CP3_mov_18_0,0.3333333333333333,1.4303580897302921e-06,108.0
CP3_rel_18_0,0.6666666666666666,1.380094190982798e-06,132.0
CP3_post_18_0,0,0,0
CP3_p-post_18_0,0.3993610223642173,9.56311221547469e-07,128.0
CP3_p-pre_19_0,2.5,7.971022151038181e-07,132.0
CP3_pre_19_0,1.0,1.7938344122868833e-06,112.0
CP3_prep_19_0,0,0,0
CP3_mov_19_0,0.3333333333333333,1.2979875496349936e-06,124.0
CP3_rel_19_0,0,0,0
CP3_post_19_0,0,0,0
CP3_p-post_19_0,0.3993610223642173,1.7246351730680135e-06,188.0
CP3_p-pre_20_0,2.5,1.7073259510202053e-06,128.0
CP3_pre_20_0,0,0,0
CP3_prep_20_0,1.6666666666666667,1.5193898831475411e-06,108.0
CP3_mov_20_0,0,0,0
CP3_rel_20_0,0,0,0
CP3_post_20_0,0.6666666666666666,1.5189112208863186e-06,120.0
CP3_post_20_1,0.6666666666666666,1.5721460526789515e-06,152.0
CP3_p-post_20_0,0,0,0
CP3_p-pre_21_0,0,0,0
CP3_pre_21_0,1.0,2.5035959014922264e-06,124.0
CP3_prep_21_0,0,0,0
CP3_mov_21_0,0.6666666666666666,1.6829510218053876e-06,136.0
CP3_mov_21_1,0.6666666666666666,1.4759377235569469e-06,160.0
CP3_rel_21_0,0,0,0
CP3_post_21_0,0.3333333333333333,1.5707263110506237e-06,136.0
CP3_p-post_21_0,0.3993610223642173,6.796202295505952e-07,104.0
CP3_p-pre_22_0,0,0,0
CP3_pre_22_0,1.0,3.3202765079786083e-06,116.0
CP3_prep_22_0,0,0,0
CP3_mov_22_0,0.3333333333333333,1.0713314365375543e-06,104.0
CP3_rel_22_0,0.6666666666666666,1.3807989394249834e-06,156.0
CP3_post_22_0,0.6666666666666666,3.0243870720967455e-06,152.0
CP3_post_22_1,0.6666666666666666,2.31984608104479e-06,192.0
CP3_p-post_22_0,0.7987220447284346,2.31984608104479e-06,188.0
CP3_p-post_22_1,0.7987220447284346,1.270128787015705e-06,108.0
CP3_p-pre_23_0,0,0,0
CP3_pre_23_0,1.0,1.1860890278135507e-06,120.0
CP3_prep_23_0,0,0,0
CP3_mov_23_0,0,0,0
CP3_rel_23_0,0.6666666666666666,1.7133391508987495e-06,172.0
CP3_post_23_0,0.3333333333333333,7.729479385901813e-07,104.0
CP3_p-post_23_0,0.3993610223642173,1.913941670047986e-06,176.0
CP3_p-pre_24_0,0,0,0
CP3_pre_24_0,1.0,6.986732169467957e-07,104.0
CP3_prep_24_0,0,0,0
CP3_mov_24_0,0.3333333333333333,7.543295745026855e-07,112.0
CP3_rel_24_0,0,0,0
CP3_post_24_0,0.3333333333333333,2.3313361198048218e-06,152.0
CP3_p-post_24_0,0,0,0
CP3_p-pre_25_0,0,0,0
CP3_pre_25_0,0,0,0
CP3_prep_25_0,0,0,0
CP3_mov_25_0,0,0,0
CP3_rel_25_0,0.6666666666666666,1.1805110188228992e-06,112.0
CP3_post_25_0,0.3333333333333333,2.553951133205393e-06,192.0
CP3_p-post_25_0,0.3993610223642173,2.048796805473529e-06,124.0
CP3_p-pre_26_0,2.5,8.375340123762214e-07,116.0
CP3_pre_26_0,1.0,8.375340123762214e-07,120.0
CP3_prep_26_0,0,0,0
CP3_mov_26_0,0.6666666666666666,1.0447533308942968e-06,152.0
CP3_mov_26_1,0.6666666666666666,1.3924808948069068e-06,168.0
CP3_rel_26_0,1.3333333333333333,9.68301653833267e-07,128.0
CP3_rel_26_1,1.3333333333333333,9.8013483417018e-07,152.0
CP3_post_26_0,0.3333333333333333,1.970905694169857e-06,144.0
CP3_p-post_26_0,0.3993610223642173,1.691720548389876e-06,104.0
CP3_p-pre_27_0,0,0,0
CP3_pre_27_0,0,0,0
CP3_prep_27_0,0,0,0
CP3_mov_27_0,0,0,0
CP3_rel_27_0,0,0,0
CP3_post_27_0,0.3333333333333333,2.96851522876404e-06,180.0
CP3_p-post_27_0,0.7987220447284346,1.290990202083657e-06,124.0
CP3_p-post_27_1,0.7987220447284346,8.246107129228176e-07,148.0
